"Abbeville, LA Micro Area",1610,1796,1577,2530,2842,3983,3096,2159,659,753,358,251,997,985
"Aberdeen, SD Micro Area",445,436,612,907,1925,3403,6108,1940,891,725,404,195,1257,1736
"Aberdeen, WA Micro Area",1906,1559,1095,2220,2409,3074,3655,1806,1372,1672,628,356,1987,1762
"Abilene, TX Metro Area",2921,1587,3152,4384,7266,9695,13451,8622,2914,3554,1859,821,5232,5948
"Ada, OK Micro Area",353,321,633,879,1797,2160,4593,1730,780,639,344,70,1356,1432
"Adjuntas, PR Micro Area",244,154,145,786,803,1025,551,183,60,42,13,64,156,242
"Adrian, MI Micro Area",1893,1824,2556,3250,3417,5351,5442,3253,2099,1772,1165,592,4326,3826
"Aguadilla-Isabela-San Sebastián, PR Metro Area",3594,2882,3719,6844,8538,14638,9393,5844,1780,3286,1219,1025,5173,3524
"Akron, OH Metro Area",10010,7844,13355,24605,35906,46340,46103,32418,18679,17707,8986,4103,26935,25752
"Alamogordo, NM Micro Area",946,638,1500,2738,3669,3157,3901,2074,1021,949,400,268,1762,1206
"Albany, GA Metro Area",1823,1410,2431,5119,6405,9414,10239,6225,2400,2743,1397,714,3915,5254
"Albany-Lebanon, OR Micro Area",2748,2426,3467,3686,4722,6422,5608,3981,1983,1792,1075,554,3183,3596
"Albany-Schenectady-Troy, NY Metro Area",10488,8580,13401,29291,43372,61075,63351,56691,29168,24677,11402,5087,29606,26417
"Albemarle, NC Micro Area",1364,907,1336,3174,2813,3554,3401,2451,692,948,305,217,1837,1668
"Albert Lea, MN Micro Area",803,671,869,1103,1652,1826,2446,1013,448,469,212,128,1619,1216
"Albertville, AL Micro Area",2363,2089,2321,4457,4526,6110,3563,2005,703,1236,621,286,3166,2441
"Albuquerque, NM Metro Area",13561,10826,16734,33637,43146,59262,54146,38411,20546,24199,10505,4455,26225,24444
"Alexander City, AL Micro Area",1221,1180,1944,2742,2527,2751,2273,809,708,440,380,80,1127,1609
"Alexandria, LA Metro Area",3228,2462,4563,5145,8190,8482,8916,4390,2195,2161,1162,398,3737,4344
"Alexandria, MN Micro Area",555,480,846,1137,1977,2588,3269,1571,809,616,373,86,1431,1416
"Alice, TX Micro Area",1259,689,556,958,1571,3269,3223,1456,543,979,213,109,629,955
"Allegan, MI Micro Area",2167,1953,2998,5036,5400,7016,6245,3876,1555,1817,981,493,4044,3854
"Allentown-Bethlehem-Easton, PA-NJ Metro Area",16658,13337,18527,32924,39484,49708,45102,38780,20695,20568,9243,4499,29357,26861
"Alma, MI Micro Area",666,567,975,1458,1777,2040,1986,1020,543,576,399,221,1570,1506
"Alpena, MI Micro Area",605,384,517,847,1295,1673,1592,918,827,539,289,51,1120,844
"Altoona, PA Metro Area",2469,1862,2806,4499,7157,7000,6213,5005,3154,2791,1305,801,5481,4628
"Altus, OK Micro Area",318,213,518,631,1573,1657,2211,1175,291,548,277,127,866,976
"Amarillo, TX Metro Area",5437,3360,3992,7103,10978,16334,22173,11788,4746,6101,3315,1555,8427,10041
"Americus, GA Micro Area",839,345,709,1164,1619,2435,2148,1742,690,769,276,112,846,585
"Ames, IA Metro Area",1276,693,1507,2731,4497,7164,7335,4988,2585,3773,1434,887,4546,3711
"Amsterdam, NY Micro Area",1313,697,1496,1927,2321,2607,2749,1806,716,772,314,286,1886,1423
"Anchorage, AK Metro Area",6429,5437,9475,14094,18261,23454,26252,18141,12580,13188,6515,3695,12059,11481
"Anderson, IN Metro Area",2470,2116,2921,4584,5578,8205,6163,5347,1956,2482,1018,825,4174,4937
"Anderson, SC Metro Area",2381,1890,3399,6863,7531,11501,11620,8897,3382,3362,1801,789,5803,6868
"Andrews, TX Micro Area",252,287,291,893,975,960,824,558,130,304,141,71,360,567
"Angola, IN Micro Area",813,868,1176,1124,1742,2006,1898,1211,570,602,276,215,1800,1278
"Ann Arbor, MI Metro Area",3316,2800,4377,8967,13262,20557,21198,19602,14550,13655,6126,3112,13538,11916
"Anniston-Oxford, AL Metro Area",3662,3789,3218,4702,4652,5728,5247,2179,1708,1977,778,477,3676,3271
"Appleton, WI Metro Area",6490,5291,7688,10238,12543,17566,16965,7907,3520,3407,2285,1508,9261,8649
"Arcadia, FL Micro Area",329,864,638,2316,1552,1786,1357,756,400,313,199,86,707,629
"Ardmore, OK Micro Area",957,946,1606,1942,2514,2341,4164,2339,1586,1067,506,202,1568,1632
"Arkadelphia, AR Micro Area",298,261,397,634,825,1329,1522,839,255,361,214,130,904,1040
"Asheville, NC Metro Area",5446,4167,5929,12549,17745,27303,29212,20603,10394,11615,5543,2063,12599,11661
"Ashland, OH Micro Area",953,986,1428,1664,2875,2579,3111,2015,1072,942,545,241,2213,1727
"Ashtabula, OH Micro Area",1881,1972,2190,4356,5379,4213,4666,3136,1496,1638,816,374,3737,3809
"Astoria, OR Micro Area",644,448,760,767,1175,1603,2855,1504,884,1604,724,447,1543,1003
"Atchison, KS Micro Area",473,320,388,639,1057,792,1041,424,249,237,100,59,431,782
"Athens, OH Micro Area",925,575,874,1036,1861,3027,3804,2307,1507,2069,1219,468,2164,2590
"Athens, TN Micro Area",1078,812,1320,2105,1833,2219,2649,2345,853,716,362,271,1505,2016
"Athens, TX Micro Area",1928,1483,1884,3016,2926,4489,4047,2578,939,1397,635,357,1438,2225
"Athens-Clarke County, GA Metro Area",2509,1636,1947,4876,5537,18577,10462,9560,4111,5003,2747,1268,5872,6197
"Atlanta-Sandy Springs-Marietta, GA Metro Area",78786,76578,97793,217481,229436,360463,261730,285830,131530,172683,71239,31185,141013,146474
"Atlantic City-Hammonton, NJ Metro Area",5304,2690,3983,7282,9275,14923,12639,14433,8370,7593,4464,3716,13664,14517
"Auburn, IN Micro Area",958,962,1682,1469,1973,2101,2295,1274,620,581,222,134,1879,1647
"Auburn, NY Micro Area",1532,1517,2149,3404,3893,4974,4482,3004,1784,1217,523,349,3554,2598
"Auburn-Opelika, AL Metro Area",2700,2298,2482,5113,6605,10554,8349,6241,2399,3297,1452,825,4132,4592
"Augusta-Richmond County, GA-SC Metro Area",10638,9460,12371,20277,26420,33696,30878,23023,10661,11584,5771,2678,13046,18549
"Augusta-Waterville, ME Micro Area",2407,2730,2777,6476,6120,10275,6613,5132,1426,2364,1091,678,3949,2663
"Austin, MN Micro Area",1091,1057,1434,1735,2213,1762,1951,1026,548,579,355,229,2367,1493
"Austin-Round Rock-San Marcos, TX Metro Area",20643,21291,30663,64775,81682,131613,106409,95305,53154,66773,26943,11466,47952,50850
"Bainbridge, GA Micro Area",593,215,512,736,1346,1605,1978,790,440,453,117,124,489,854
"Bakersfield-Delano, CA Metro Area",26928,21490,23514,28210,29836,38282,33788,22390,9883,13135,6875,3592,19792,20641
"Baltimore-Towson, MD Metro Area",47308,50851,66374,118385,129403,190340,154699,156820,82659,84439,34291,14982,74426,77531
"Bangor, ME Metro Area",3500,3164,3698,5758,8690,10063,9618,5627,2787,3196,1914,963,5883,4945
"Baraboo, WI Micro Area",1765,1222,2017,2505,3391,4234,4712,2353,927,1294,690,371,2549,2851
"Barnstable Town, MA Metro Area",2531,2095,3128,6179,8461,13716,13684,13365,8281,8182,2546,1522,5710,4919
"Barre, VT Micro Area",784,581,1318,2211,3611,5700,4519,3338,1499,1324,606,138,1581,1308
"Bartlesville, OK Micro Area",800,532,819,1446,2756,3401,3785,2217,1247,1157,647,268,1337,1323
"Bastrop, LA Micro Area",430,235,505,1446,974,2094,1126,758,434,327,78,20,716,559
"Batavia, NY Micro Area",1194,1062,1564,2726,3461,4251,3609,3139,1123,1176,709,355,2131,2115
"Batesville, AR Micro Area",591,633,1000,1293,1426,2202,2618,1075,605,380,270,357,847,1470
"Baton Rouge, LA Metro Area",23169,19032,24227,37149,44182,53593,46234,31013,15127,17275,7480,3280,17387,21424
"Battle Creek, MI Metro Area",2677,2489,2853,4304,5286,6727,7948,4978,2075,2734,1463,753,5167,5125
"Bay City, MI Metro Area",1454,1250,2382,4119,5409,6338,6727,3522,2104,2466,1094,539,4074,3325
"Bay City, TX Micro Area",879,1073,1083,1465,1760,2056,2192,973,422,825,282,99,538,1003
"Beatrice, NE Micro Area",403,505,686,888,1061,1358,1915,878,334,373,176,46,766,829
"Beaumont-Port Arthur, TX Metro Area",10613,8864,11017,15939,16732,23300,21022,11860,5926,6543,3207,1255,8189,10579
"Beaver Dam, WI Micro Area",4298,2851,3682,3918,4802,4984,4102,2635,1054,1214,537,404,3963,3247
"Beckley, WV Micro Area",1756,793,1222,2083,3217,3679,4031,3310,1695,1440,791,231,2074,2356
"Bedford, IN Micro Area",858,1414,1409,1755,1921,1997,2811,1368,885,735,241,209,1359,1470
"Beeville, TX Micro Area",702,717,411,418,921,1256,1138,933,270,608,101,63,435,1213
"Bellefontaine, OH Micro Area",1186,1039,1640,1644,1822,2277,2163,1340,711,572,410,161,1897,1955
"Bellingham, WA Metro Area",3804,3097,3955,5828,8868,10447,13051,9233,5955,6834,2893,1468,7312,6036
"Bemidji, MN Micro Area",954,546,653,1252,1905,3089,4117,1749,740,634,386,113,1545,1404
"Bend, OR Metro Area",2252,1388,1834,4377,6547,8751,10551,8102,3921,5439,2444,1106,3986,3011
"Bennettsville, SC Micro Area",591,219,322,695,876,1208,1316,853,307,395,137,107,749,1013
"Bennington, VT Micro Area",634,377,803,1054,1604,2383,2888,2019,1190,1152,477,147,1198,802
"Berlin, NH-VT Micro Area",1295,618,1146,1618,2455,2459,2070,1320,641,730,274,206,1008,783
"Big Rapids, MI Micro Area",1007,631,748,1206,1175,1752,2205,1308,686,861,607,368,1732,1778
"Big Spring, TX Micro Area",309,399,845,603,1379,1483,2594,826,742,542,355,126,796,937
"Billings, MT Metro Area",2882,2024,3297,5259,8035,11484,15540,8364,3996,3975,2214,902,4592,5804
"Binghamton, NY Metro Area",3627,2715,5017,8440,11148,15288,17316,11401,6383,5883,2987,1879,8770,8186
"Birmingham-Hoover, AL Metro Area",22707,21376,26686,49784,56576,83976,61005,40706,18245,23925,10169,4769,28912,29758
"Bishop, CA Micro Area",223,226,400,671,988,1302,1483,620,565,469,366,69,503,348
"Bismarck, ND Metro Area",1693,1399,2639,3495,6570,8469,13911,5172,2641,2274,1099,819,3926,3889
"Blackfoot, ID Micro Area",484,607,1392,1529,1915,2495,3219,1759,761,815,263,148,1066,1395
"Blacksburg-Christiansburg-Radford, VA Metro Area",2628,1861,2701,4414,6264,8186,9988,7679,4515,4914,2319,1349,6079,6243
"Bloomington, IN Metro Area",3262,2878,4008,5633,7444,9808,11551,8802,5038,6014,3441,1385,7201,8153
"Bloomington-Normal, IL Metro Area",1911,1571,3451,6136,10407,12377,14808,9554,4543,3942,1982,1370,5689,6395
"Bloomsburg-Berwick, PA Micro Area",1854,1104,1960,3156,3731,7036,4157,3310,1304,1323,764,374,3571,3820
"Bluefield, WV-VA Micro Area",2032,1057,1861,2596,3978,5577,5881,3952,2018,1967,895,259,3125,3095
"Blytheville, AR Micro Area",1068,705,1617,1564,2064,2578,2378,677,508,727,210,117,1764,1271
"Bogalusa, LA Micro Area",1513,740,1288,1807,1463,2403,1218,1031,496,594,185,53,831,945
"Boise City-Nampa, ID Metro Area",8685,7464,11237,17949,27793,40680,38790,27504,14801,16851,7887,3752,16583,18762
"Bonham, TX Micro Area",1010,879,998,1261,1491,2157,1466,1100,249,436,179,85,578,856
"Boone, IA Micro Area",531,369,761,1165,1442,2137,2216,1058,424,597,185,71,738,1005
"Boone, NC Micro Area",400,311,496,920,1582,2737,3770,2418,1942,1944,1111,615,2877,1968
"Borger, TX Micro Area",583,204,369,692,1337,1233,1383,711,347,395,175,72,439,844
"Boston-Cambridge-Quincy, MA-NH Metro Area",57645,59554,86180,173972,215081,325627,282410,315568,167583,160389,64574,29804,155743,117628
"Boulder, CO Metro Area",2823,2501,4571,8051,9845,18181,20783,20103,12011,13825,5118,2179,9762,8585
"Bowling Green, KY Metro Area",2334,1821,2538,4752,6841,7974,8456,4014,1876,2707,1254,610,5320,5711
"Bozeman, MT Micro Area",1197,601,1465,2212,3954,5590,9584,5833,2973,2817,1709,874,2833,3106
"Bradford, PA Micro Area",850,722,1000,1460,2148,2219,2500,1473,703,592,429,279,1679,1159
"Brainerd, MN Micro Area",1423,1461,1856,2522,3866,5554,7261,3273,1638,1743,841,433,3189,2343
"Branson, MO Micro Area",822,786,1434,2398,2858,4916,4903,3057,2097,2064,1161,535,3165,2738
"Bremerton-Silverdale, WA Metro Area",7704,5332,9073,13837,12906,12805,10458,7564,4875,5669,3085,1593,7182,5235
"Brenham, TX Micro Area",941,428,576,943,1625,2299,2538,1196,536,576,331,231,650,789
"Brevard, NC Micro Area",191,311,548,1019,1069,2318,2333,1102,569,1026,250,335,771,775
"Bridgeport-Stamford-Norwalk, CT Metro Area",7669,8119,13983,32733,38867,62837,59990,63073,36120,31902,13212,5075,21691,17427
"Brigham City, UT Micro Area",1710,1324,1453,1814,1970,2248,1994,1431,1072,1058,274,341,1921,1474
"Brookhaven, MS Micro Area",999,691,955,1344,1605,1660,1489,922,516,521,339,163,592,928
"Brookings, OR Micro Area",519,164,281,307,713,679,1156,1214,418,596,175,62,566,433
"Brookings, SD Micro Area",446,401,794,789,1577,2000,3970,1746,763,755,307,213,1417,1612
"Brownsville, TN Micro Area",415,371,455,689,913,1243,953,396,205,131,72,4,427,801
"Brownsville-Harlingen, TX Metro Area",3741,3213,4209,8859,12238,26073,23984,15872,7259,8655,3543,2137,8532,8002
"Brownwood, TX Micro Area",1008,490,898,750,1135,1971,3408,1736,493,633,377,135,858,937
"Brunswick, GA Metro Area",1362,1832,1845,4640,6042,6849,6788,4706,2566,2457,1249,569,2463,2327
"Bucyrus, OH Micro Area",664,863,851,1659,2159,2074,2096,1790,987,777,358,159,1444,1630
"Buffalo-Niagara Falls, NY Metro Area",12701,10904,21073,38021,51581,73353,72456,60478,36046,28695,13276,7809,43415,40537
"Burley, ID Micro Area",810,678,811,1336,1688,2291,2959,1947,611,809,301,193,1074,1451
"Burlington, IA-IL Micro Area",1670,1126,1329,1747,2252,2569,2835,1530,674,768,368,274,2001,2130
"Burlington, NC Metro Area",2170,1556,2961,5390,7776,10547,10594,6021,2996,4067,1898,712,4853,5077
"Burlington-South Burlington, VT Metro Area",2737,2531,4430,8006,11003,17240,16236,11953,6483,5932,2983,1661,7844,6716
"Butte-Silver Bow, MT Micro Area",522,334,707,778,1305,1409,2834,1645,1077,1056,622,246,1267,1436
"Cadillac, MI Micro Area",1122,614,1163,1351,1711,2207,2639,1571,652,912,476,215,1630,1692
"Calhoun, GA Micro Area",556,562,430,2245,2407,6514,2635,1995,656,904,381,117,1337,1847
"Cambridge, MD Micro Area",1021,520,701,1292,1316,2628,2078,1329,568,563,207,4,1076,892
"Cambridge, OH Micro Area",837,725,1095,1264,1639,1966,1738,1490,717,595,513,157,1456,1358
"Camden, AR Micro Area",773,1189,1588,1618,1236,1543,1865,515,260,320,241,24,589,548
"Campbellsville, KY Micro Area",430,393,685,643,802,1264,1654,796,385,381,190,90,643,780
"Cañon City, CO Micro Area",846,661,915,1177,1621,2181,1670,843,786,684,539,235,910,592
"Canton, IL Micro Area",1186,887,955,1343,1587,2004,1928,1176,441,443,171,138,1146,1260
"Canton-Massillon, OH Metro Area",7512,5634,8509,15229,19247,23988,23141,15195,8458,8399,4583,2751,16189,16196
"Cape Coral-Fort Myers, FL Metro Area",8346,7842,11145,22261,24339,32784,28504,25462,13960,15440,6366,3556,14980,13298
"Cape Girardeau-Jackson, MO-IL Metro Area",1667,1496,2410,4254,4889,6277,6482,3421,1503,2059,1362,492,3168,3425
"Carbondale, IL Micro Area",491,358,890,1153,1803,3283,4513,3026,1512,1723,614,437,2630,2828
"Carlsbad-Artesia, NM Micro Area",1525,1278,1505,2122,2510,3303,3928,2129,835,864,450,349,764,1288
"Carson City, NV Metro Area",1002,708,941,1882,2711,2622,4079,2082,872,1206,445,338,1901,1530
"Casper, WY Metro Area",1683,1108,2758,2026,4768,5875,7907,2817,1929,1631,818,213,2256,2230
"Cedar City, UT Micro Area",575,443,690,1173,1456,2084,2948,1886,1393,1423,688,196,1715,1274
"Cedar Rapids, IA Metro Area",4170,3132,6559,10820,15475,20641,21387,9995,5406,4919,2740,1677,10944,9547
"Cedartown, GA Micro Area",790,786,1060,1797,1340,2414,1876,1098,540,821,271,161,1475,1034
"Celina, OH Micro Area",1004,719,1461,1885,1916,2438,2915,1288,607,680,285,99,1858,1750
"Central City, KY Micro Area",671,679,817,1275,1435,1548,1464,651,286,410,152,73,890,893
"Centralia, IL Micro Area",949,566,1050,1427,1723,1871,2349,1166,540,506,272,95,1538,1899
"Centralia, WA Micro Area",2332,1501,1633,1892,2244,3301,3757,2601,1271,1325,599,626,2120,2281
"Chambersburg, PA Micro Area",4380,3583,4774,6628,7136,8825,7873,5594,2209,2563,1304,758,5299,5271
"Champaign-Urbana, IL Metro Area",2581,2041,3018,6285,8957,13285,18336,13666,6701,8107,3625,1966,9028,10012
"Charleston, WV Metro Area",4935,3815,5485,10700,14370,18570,18964,12841,7114,5947,2419,1252,8574,8863
"Charleston-Mattoon, IL Micro Area",1117,899,1282,1906,3225,3060,4750,2228,1105,1416,786,403,3215,2726
"Charleston-North Charleston-Summerville, SC Metro Area",9606,9769,15330,30024,34393,48791,35259,32306,15799,17535,8459,3701,19875,18929
"Charlotte-Gastonia-Rock Hill, NC-SC Metro Area",24660,22211,31659,69278,82123,128358,109828,91843,45179,48516,22306,10246,50790,51812
"Charlottesville, VA Metro Area",1964,1335,2572,6099,7205,13046,16237,12611,7690,6386,2454,1262,5215,4464
"Chattanooga, TN-GA Metro Area",8667,6909,10653,17913,23727,35633,32607,23732,11684,11943,5890,2862,17519,18133
"Chester, SC Micro Area",482,498,713,1295,1436,2411,1166,1115,303,527,147,64,1030,839
"Cheyenne, WY Metro Area",2312,1555,2047,3721,6961,6985,7933,3624,1606,1780,1077,507,2280,2887
"Chicago-Joliet-Naperville, IL-IN-WI Metro Area",189940,179994,215653,409907,399504,610934,457500,485613,224637,248152,119050,56754,336035,279240
"Chico, CA Metro Area",3722,2406,4131,5037,7541,10584,11844,7155,4289,5685,3679,1437,5710,6486
"Chillicothe, OH Micro Area",1670,1144,1941,2707,3385,3601,3617,1731,1003,1273,896,342,2739,2497
"Cincinnati-Middletown, OH-KY-IN Metro Area",29515,29663,43535,81079,104599,147296,125990,104961,54679,55868,25242,12698,71241,76618
"Claremont, NH Micro Area",1122,857,1179,2172,2351,3249,2637,2122,865,667,485,230,1580,1115
"Clarksburg, WV Micro Area",1692,1445,2403,3651,3960,6520,5261,2660,1588,1385,734,491,2731,2842
"Clarksdale, MS Micro Area",292,282,299,498,1000,1488,1269,796,232,253,238,115,756,735
"Clarksville, TN-KY Metro Area",8044,9058,10487,12992,13520,14262,11051,8053,3648,4055,2389,1213,8286,6744
"Clearlake, CA Micro Area",1068,947,1031,1891,1835,3132,3111,2156,848,1477,567,411,1231,1118
"Cleveland, MS Micro Area",435,279,500,922,1663,2033,2057,1069,295,583,264,119,635,1188
"Cleveland, TN Metro Area",1856,1548,2225,3800,5073,6557,6986,4128,1516,2170,1253,491,3456,5314
"Cleveland-Elyria-Mentor, OH Metro Area",28314,26284,38770,73068,94695,137528,124416,101385,55221,57914,24764,12587,71086,66660
"Clewiston, FL Micro Area",735,1099,765,2265,2205,2393,1395,760,274,527,196,28,425,484
"Clinton, IA Micro Area",1312,826,1548,2133,2818,2704,3527,1680,754,774,458,304,1698,2200
"Clovis, NM Micro Area",678,667,1130,1962,2600,3218,3125,1581,1002,1297,557,294,1376,1745
"Coamo, PR Micro Area",1544,1474,1148,2264,1926,2864,1759,1107,445,840,248,219,936,643
"Coeur d'Alene, ID Metro Area",2877,2585,3544,5801,6465,7626,6630,5099,3201,3353,2167,841,4022,3230
"Coffeyville, KS Micro Area",680,664,1161,1363,1685,1838,2465,1160,628,614,275,76,1291,1099
"Coldwater, MI Micro Area",1190,718,955,1528,1414,2188,2022,1509,624,760,323,107,1419,1641
"College Station-Bryan, TX Metro Area",2896,2727,3074,6792,7983,16530,18292,11157,4818,6834,3255,1484,6570,7895
"Colorado Springs, CO Metro Area",11803,12105,18116,25758,33283,46713,41118,25399,14774,15279,8161,4110,17136,16347
"Columbia, MO Metro Area",2211,1766,2815,5641,9416,14135,15124,7969,4533,4980,2897,1559,6675,6627
"Columbia, SC Metro Area",12160,11534,12882,23784,35013,60150,49482,43795,18246,17430,8299,3984,20334,25351
"Columbia, TN Micro Area",1525,1520,2303,4559,3783,5297,4208,2640,1033,1461,779,398,2954,2536
"Columbus, GA-AL Metro Area",5387,5999,6319,9577,10880,16723,15579,12482,6646,5975,3095,1686,8118,9464
"Columbus, IN Metro Area",1315,918,1853,3288,4407,4949,6066,3002,1123,1618,764,385,2772,3065
"Columbus, MS Micro Area",774,1121,1333,2190,3678,3609,2924,1941,834,768,539,424,1922,1807
"Columbus, NE Micro Area",1053,490,915,1196,1600,2020,2756,1042,576,637,220,216,1781,1723
"Columbus, OH Metro Area",27342,21978,34211,62903,88263,124386,119378,95278,55959,50223,23853,12942,66904,65878
"Concord, NH Micro Area",2950,2405,3178,6871,8077,11847,10060,7713,3454,3153,1435,508,4628,4335
"Connersville, IN Micro Area",823,298,649,606,741,957,879,855,332,388,234,140,812,1088
"Cookeville, TN Micro Area",2013,1539,2310,3837,4984,10046,5342,1985,1092,1409,770,357,2667,2317
"Coos Bay, OR Micro Area",1555,867,1113,1514,2088,2849,3664,1695,1132,1611,795,348,1892,1392
"Corbin, KY Micro Area",786,485,415,877,1131,1658,1843,1157,538,496,54,196,1256,1072
"Cordele, GA Micro Area",322,217,520,333,915,1390,1478,924,317,397,363,56,529,372
"Corinth, MS Micro Area",602,378,716,1492,2054,2158,1910,1387,358,652,284,153,1014,1120
"Cornelia, GA Micro Area",1093,359,846,1162,1670,3145,2701,1188,618,739,388,142,1033,1124
"Corning, NY Micro Area",1873,1585,2584,3506,5090,6083,6188,3774,1741,1663,661,360,2973,2689
"Corpus Christi, TX Metro Area",8044,6759,9225,12962,17838,27071,29528,19239,8733,10276,5480,2462,11889,12531
"Corsicana, TX Micro Area",1522,952,1080,1711,2156,3181,2513,1451,829,928,169,270,1510,1441
"Cortland, NY Micro Area",849,795,1005,1824,2215,2697,3824,2106,1041,827,473,254,1743,1592
"Corvallis, OR Metro Area",437,942,1541,1838,2931,3957,6293,4754,3068,3257,1273,543,2940,2271
"Coshocton, OH Micro Area",1182,773,1237,1556,1454,1334,1652,1191,595,655,303,157,1344,1058
"Crawfordsville, IN Micro Area",653,626,812,1701,1904,2212,2458,1124,528,923,336,154,1141,1859
"Crescent City, CA Micro Area",244,217,500,416,762,830,1588,894,471,648,404,99,804,716
"Crestview-Fort Walton Beach-Destin, FL Metro Area",3664,4389,5688,9596,10438,12787,8757,7242,3665,4278,2337,950,6474,5528
"Crossville, TN Micro Area",1022,798,816,1755,3753,3306,2304,1205,493,565,474,142,1484,1247
"Crowley, LA Micro Area",2374,1400,1496,2398,2686,4033,3197,2051,465,601,201,114,1693,1613
"Cullman, AL Micro Area",2723,1930,2841,3770,2799,4678,4063,2041,748,1112,490,272,2568,1821
"Culpeper, VA Micro Area",1970,987,1311,1963,2107,3231,2461,1757,773,777,336,182,1199,1045
"Cumberland, MD-WV Metro Area",1918,1623,2286,2972,4524,4200,4644,3414,2088,1937,921,501,4819,3974
"Dallas-Fort Worth-Arlington, TX Metro Area",104758,105488,134918,275856,290147,473294,373832,327441,152736,189888,81329,32494,177979,187587
"Dalton, GA Metro Area",1305,828,2098,5759,7323,10520,8020,4683,2363,1840,1144,460,4588,6911
"Danville, IL Metro Area",1498,1017,1615,3464,3734,4667,3925,2842,1000,1240,519,249,2863,3145
"Danville, KY Micro Area",747,647,968,1717,1798,3514,2578,1895,920,904,628,217,1669,2021
"Danville, VA Metro Area",1779,1556,2282,3486,4793,4916,6234,4380,1722,1981,1106,610,3147,4761
"Daphne-Fairhope-Foley, AL Micro Area",3232,3160,4320,8531,9322,13141,10146,7066,2396,3890,1613,640,4488,5038
"Davenport-Moline-Rock Island, IA-IL Metro Area",8750,6953,10428,13707,18734,21484,24642,17521,7016,12441,3757,1864,13760,13791
"Dayton, OH Metro Area",12856,10043,16465,26860,39752,49975,51544,36592,19904,20940,10129,5611,29747,32914
"Decatur, AL Metro Area",3856,3918,4811,7050,7547,9527,7048,5403,2042,2428,1087,587,4364,4255
"Decatur, IL Metro Area",1771,1462,2554,4264,5752,5948,8028,3363,1900,1810,1269,583,4321,4080
"Decatur, IN Micro Area",698,784,1388,1578,1561,1857,2181,937,620,359,327,143,901,1135
"Defiance, OH Micro Area",682,664,1215,1578,1713,2134,2371,1290,607,440,252,340,1663,2022
"Del Rio, TX Micro Area",1050,626,609,1201,2603,3163,3496,1314,669,867,445,423,1234,1305
"Deltona-Daytona Beach-Ormond Beach, FL Metro Area",6796,5098,7406,15146,19383,29263,25469,23030,9937,12529,5921,2566,13552,13444
"Deming, NM Micro Area",721,315,434,675,807,960,1268,1255,322,502,83,29,422,385
"Denver-Aurora-Broomfield, CO Metro Area",45374,40045,59485,113886,133728,188054,149226,131582,66058,91076,34701,15304,75481,69390
"DeRidder, LA Micro Area",1578,790,1381,1361,1588,2499,1439,846,298,560,249,65,541,939
"Des Moines-West Des Moines, IA Metro Area",7797,7118,12349,22724,36785,52167,48780,26013,12745,13013,6873,3417,17785,18979
"Detroit-Warren-Livonia, MI Metro Area",63584,58691,81374,141018,165429,239665,210431,201545,110821,118113,52807,26202,143249,131642
"Dickinson, ND Micro Area",624,555,997,1061,1726,1570,2720,1219,568,370,320,101,815,859
"Dillon, SC Micro Area",647,307,402,801,1439,1415,1548,1006,214,372,204,85,1309,771
"Dixon, IL Micro Area",1100,594,1041,1436,2134,1734,1937,1178,473,530,350,89,1308,1172
"Dodge City, KS Micro Area",1324,889,868,1018,1107,1828,2338,1138,485,588,257,127,2004,1651
"Dothan, AL Metro Area",3162,2592,3382,5869,8931,9053,8715,3843,1840,2181,1254,569,4121,4001
"Douglas, GA Micro Area",1450,776,652,1611,1747,3264,3221,1265,669,633,166,108,1306,1420
"Dover, DE Metro Area",3604,2407,3595,6960,7431,11036,9644,5590,2230,3266,1943,1037,5926,6142
"Dublin, GA Micro Area",731,796,1247,1602,2524,4550,2984,1689,851,688,322,106,1179,1393
"DuBois, PA Micro Area",2830,1594,2090,2936,4645,4029,3581,2537,1512,1480,771,268,2526,2315
"Dubuque, IA Metro Area",2012,1289,2979,3680,5763,6450,7519,3943,1730,2330,1166,618,4108,3465
"Duluth, MN-WI Metro Area",4167,3958,6717,10352,14362,16066,20449,11092,5367,6199,3331,1674,11010,10431
"Dumas, TX Micro Area",405,590,677,963,1017,792,1588,999,221,237,258,102,1123,815
"Duncan, OK Micro Area",831,725,1395,1512,2074,2884,3105,1588,571,708,358,99,1054,1394
"Dunn, NC Micro Area",2295,2919,3072,5574,6296,7430,4769,4214,1576,1373,1037,232,2772,2814
"Durango, CO Micro Area",750,477,1098,1823,2390,3463,5486,2559,1183,1841,804,367,1533,775
"Durant, OK Micro Area",710,522,1063,1845,1598,2443,3349,1300,647,824,232,186,1232,1319
"Durham-Chapel Hill, NC Metro Area",5160,5017,7137,15747,22005,32048,33675,32586,18112,17326,7456,3831,14896,14050
"Dyersburg, TN Micro Area",854,528,924,1389,2090,2501,2462,1113,556,538,276,157,1018,1281
"Eagle Pass, TX Micro Area",841,794,560,1014,1005,2036,3425,2845,985,1345,619,318,1308,1726
"East Liverpool-Salem, OH Micro Area",2647,2532,3102,4253,4618,4991,4894,3002,2011,2000,941,327,4497,4039
"Easton, MD Micro Area",733,428,627,1260,2017,1817,2729,2085,1109,1212,663,209,695,739
"East Stroudsburg, PA Micro Area",7413,3766,4408,6532,7109,6563,5815,5780,3289,4924,2087,1176,6772,5870
"Eau Claire, WI Metro Area",3903,3127,4929,5558,8414,10881,11311,5890,2720,3706,1818,1183,8493,7068
"Edwards, CO Micro Area",620,444,1186,3160,3354,3973,5173,3911,2161,3486,1132,430,2351,1076
"Effingham, IL Micro Area",408,420,733,1274,2222,3064,3234,1231,400,408,256,183,1359,1135
"El Campo, TX Micro Area",1296,944,958,1511,2338,3272,3063,1818,369,573,132,185,766,709
"El Centro, CA Metro Area",6153,3795,3380,3723,4291,6167,8267,4238,1932,2877,1594,811,3787,3196
"El Dorado, AR Micro Area",917,493,973,1591,2054,2482,2939,1211,479,662,209,169,1292,913
"Elizabeth City, NC Micro Area",1430,1174,1513,2931,2962,4113,3980,2107,1092,1258,532,289,1485,1716
"Elizabethtown, KY Metro Area",2465,2394,3723,4853,6142,7717,6545,4197,2099,2119,869,582,3291,3532
"Elk City, OK Micro Area",317,259,532,850,1063,1013,1894,985,525,591,196,158,524,597
"Elkhart-Goshen, IN Metro Area",10819,5928,7451,5646,7997,10223,10791,5953,2832,2978,1795,624,6333,5661
"Elko, NV Micro Area",3796,2388,1707,1792,2160,2016,2592,1619,827,1026,415,152,1737,2552
"Ellensburg, WA Micro Area",1091,601,742,1158,1568,1759,3033,1588,1205,953,532,293,1553,1333
"Elmira, NY Metro Area",1550,873,1500,3143,3621,6555,5984,3669,1463,1394,689,594,3631,2842
"El Paso, TX Metro Area",12861,12702,16998,27407,29824,51933,40660,33152,13517,18337,8641,4758,22113,21472
"Emporia, KS Micro Area",950,636,1183,999,1587,1634,2485,1677,832,727,487,281,2231,1642
"Enid, OK Micro Area",1073,932,1531,2265,2515,3947,4941,3041,960,1713,546,297,2240,1720
"Enterprise-Ozark, AL Micro Area",2927,2495,3154,3572,4978,6729,5214,2283,932,1349,753,412,2850,3474
"Erie, PA Metro Area",4040,2632,5385,9225,14562,16276,18655,11532,6152,5712,3000,1573,11643,11495
"Escanaba, MI Micro Area",564,291,645,978,1895,1878,2482,1279,703,768,272,192,1528,1480
"Espanola, NM Micro Area",237,566,870,1466,2087,2545,2793,1235,634,795,306,155,675,575
"Eufaula, AL-GA Micro Area",622,336,598,1307,1346,1435,846,329,229,479,174,114,838,890
"Eugene-Springfield, OR Metro Area",6246,3207,5291,8343,13783,17562,22270,16722,9527,10896,5151,2733,11906,9675
"Eureka-Arcata-Fortuna, CA Micro Area",2254,1115,1847,2702,3366,6114,9377,7617,4068,4907,2127,918,4255,3471
"Evanston, WY Micro Area",544,301,486,1029,1011,1110,1483,728,406,560,417,145,696,815
"Evansville, IN-KY Metro Area",7976,6437,10670,16789,19992,22920,21853,10875,5014,6126,3760,1632,15442,14501
"Fairbanks, AK Metro Area",1534,1508,3663,4623,4435,5648,8035,3644,2666,3015,1335,645,2949,3296
"Fairmont, MN Micro Area",331,318,607,713,1248,1479,1735,757,382,246,263,51,744,738
"Fairmont, WV Micro Area",1052,901,1254,2002,2649,3080,3407,1939,1214,1076,750,257,1970,2223
"Fajardo, PR Metro Area",1702,1334,1204,1842,2175,3461,2399,1229,570,776,420,435,1536,1407
"Fallon, NV Micro Area",433,427,585,1130,1309,1490,1840,810,322,272,151,68,698,561
"Fargo, ND-MN Metro Area",2765,2066,4969,6659,12945,17967,23089,10713,5580,5467,2893,1470,9146,9203
"Faribault-Northfield, MN Micro Area",1436,1341,2058,2754,2885,3775,3754,2315,1062,1230,678,394,2836,2091
"Farmington, MO Micro Area",1785,1471,1429,2307,2500,3252,3450,1289,751,719,775,154,2144,2008
"Farmington, NM Metro Area",2841,2884,4156,5224,5947,7055,7102,3789,1605,2378,1434,535,2551,2880
"Fayetteville, NC Metro Area",8531,11172,13274,15286,15062,23502,18829,12550,6549,7155,3295,2093,8510,10900
"Fayetteville-Springdale-Rogers, AR-MO Metro Area",7807,7202,9419,18033,24222,38859,31050,16292,6685,9047,4434,2198,13798,14361
"Fergus Falls, MN Micro Area",895,1028,1484,2092,2754,3588,4488,2488,1111,1005,595,131,1900,1877
"Fernley, NV Micro Area",1448,779,1004,2603,1522,3027,2206,1094,375,439,462,393,1653,1262
"Findlay, OH Micro Area",1348,1133,2394,2773,3250,4357,5281,2559,1389,1813,619,620,3317,3793
"Fitzgerald, GA Micro Area",467,299,371,849,989,1701,1586,791,150,444,149,48,418,780
"Flagstaff, AZ Metro Area",2717,1865,2520,3833,5387,6853,9909,5581,2889,5000,2315,755,6196,4019
"Flint, MI Metro Area",6668,6115,7856,12031,13910,21045,19206,14810,7909,9270,4188,1926,14492,13544
"Florence, SC Metro Area",3291,2219,4163,6856,8789,13782,12352,8782,4223,3983,2037,706,4610,5682
"Florence-Muscle Shoals, AL Metro Area",3021,2865,3429,6312,6274,8623,8938,4263,1872,2265,1153,527,4590,4748
"Fond du Lac, WI Metro Area",3185,2914,3684,4667,6083,6426,5632,3330,1452,1794,868,518,5219,4248
"Forest City, NC Micro Area",912,721,1360,2217,2631,3343,3593,2268,1031,1303,547,153,1703,2071
"Forrest City, AR Micro Area",969,415,379,703,1203,1499,1126,600,260,428,117,48,666,583
"Fort Collins-Loveland, CO Metro Area",3836,3971,6937,10502,14048,20043,21961,14462,10169,10793,4212,1551,10282,9687
"Fort Dodge, IA Micro Area",679,630,907,1520,2151,1910,2950,1304,527,702,212,252,1590,1602
"Fort Leonard Wood, MO Micro Area",2063,1690,1868,1909,2249,2429,1402,964,566,815,147,302,900,992
"Fort Madison-Keokuk, IA-MO Micro Area",1246,1042,915,1710,2138,2130,2548,1559,470,383,464,192,2155,1584
"Fort Morgan, CO Micro Area",967,793,669,939,1332,1899,1670,812,229,361,340,88,1063,814
"Fort Payne, AL Micro Area",2173,2288,1996,3144,2817,4011,2926,1614,523,861,389,141,2135,1712
"Fort Polk South, LA Micro Area",1965,1654,2761,3169,2292,3073,2109,1246,793,701,506,169,998,1090
"Fort Smith, AR-OK Metro Area",5897,4495,6402,10949,12615,18429,18787,8380,3850,4847,2588,1168,10054,9326
"Fort Valley, GA Micro Area",555,751,527,891,1211,1682,1396,776,366,679,295,251,679,901
"Fort Wayne, IN Metro Area",7031,5566,9235,14736,24139,23733,31649,13201,7928,8595,4927,2326,14925,15544
"Frankfort, IN Micro Area",740,849,1076,1687,1230,1831,1438,1090,396,308,411,117,1737,1350
"Frankfort, KY Micro Area",794,839,1159,2513,3600,5737,6406,2487,1254,1405,1023,472,1676,2580
"Fredericksburg, TX Micro Area",462,256,467,608,955,1801,2173,1060,398,956,457,105,516,486
"Freeport, IL Micro Area",687,830,1024,1732,2201,2866,2840,1700,683,703,370,166,2329,2201
"Fremont, NE Micro Area",953,598,1167,1766,2065,2263,2743,1525,567,543,344,72,1651,1324
"Fremont, OH Micro Area",1465,845,2005,2509,3029,3322,2941,2229,1107,1044,466,133,2979,3358
"Fresno, CA Metro Area",18610,17536,16360,30846,31216,51714,40140,36590,12236,17001,9304,4688,23425,23016
"Gadsden, AL Metro Area",2597,1890,2795,4261,4586,5207,4222,2323,1080,1112,756,489,3019,3466
"Gaffney, SC Micro Area",1110,949,1093,1850,1805,2264,2916,1315,727,933,415,150,1832,2625
"Gainesville, FL Metro Area",2833,2100,4125,6817,9979,17147,17140,11368,7955,9998,5064,2044,8863,9063
"Gainesville, GA Metro Area",2443,2891,3325,7143,7135,15798,9430,6609,3356,4303,1996,328,4755,6028
"Gainesville, TX Micro Area",1327,794,910,1517,1784,2183,2365,1422,560,596,357,170,1450,1192
"Galesburg, IL Micro Area",1649,917,1781,2066,3026,3669,4152,2788,1347,1274,589,296,2943,2446
"Gallup, NM Micro Area",660,635,515,1570,2040,4311,5317,1808,622,671,546,154,779,981
"Garden City, KS Micro Area",1310,1290,465,990,1514,2160,3598,1496,520,916,283,420,1227,1567
"Gardnerville Ranchos, NV Micro Area",828,481,932,1771,2117,2963,2590,1901,1434,1179,583,294,1371,1194
"Georgetown, SC Micro Area",552,920,768,1442,2493,3147,2610,2309,1372,1691,534,330,1375,1305
"Gettysburg, PA Micro Area",3510,2588,3667,5180,6544,5619,4966,3451,1825,1732,859,675,4066,3787
"Gillette, WY Micro Area",2132,1806,2358,2420,3309,3508,2602,1211,1343,652,260,85,1008,1673
"Glasgow, KY Micro Area",1562,817,1445,2912,3377,2824,2205,1348,434,535,380,193,1578,1528
"Glens Falls, NY Metro Area",2496,2183,2979,4877,6346,7552,7869,5332,2839,2748,1141,716,5298,4033
"Gloversville, NY Micro Area",1214,982,1583,1683,2849,3184,2487,1877,1023,701,479,374,2383,1757
"Goldsboro, NC Metro Area",2552,1601,2245,5080,7225,8100,7093,3775,1872,2107,1041,554,4386,4195
"Granbury, TX Micro Area",1127,1394,1819,2687,2336,4249,2845,2297,777,1249,529,306,1046,1639
"Grand Forks, ND-MN Metro Area",1182,1025,2101,2727,5416,6821,11506,5046,2091,2402,1262,737,3614,4729
"Grand Island, NE Micro Area",2136,1621,1978,2652,3112,4344,6675,2856,1599,1438,502,450,3279,2993
"Grand Junction, CO Metro Area",3664,1932,3405,3972,8066,9233,10404,5905,3557,3467,1762,914,4222,3538
"Grand Rapids-Wyoming, MI Metro Area",14895,11152,15546,26603,32498,46745,48714,33494,17514,17922,8195,4499,29591,29172
"Grants, NM Micro Area",362,534,416,609,601,1378,1415,907,177,325,187,77,630,578
"Grants Pass, OR Micro Area",1257,756,1182,2519,2364,4791,3465,2951,1276,1609,1113,448,2063,1541
"Great Bend, KS Micro Area",493,544,654,809,1164,2074,3231,1356,425,596,208,138,449,1057
"Great Falls, MT Metro Area",1325,689,1573,2437,4043,5978,8184,3223,2132,1792,1116,564,2017,2686
"Greeley, CO Metro Area",5511,5949,7349,11736,13324,16477,13682,9219,4575,5376,2369,1218,7125,8427
"Green Bay, WI Metro Area",9797,7533,9554,13123,18463,20465,19142,10397,5376,5533,3222,1814,12136,11579
"Greeneville, TN Micro Area",1650,936,1749,2607,2985,3612,4317,1473,828,857,396,279,2258,2538
"Greensboro-High Point, NC Metro Area",9080,7909,12071,21752,34584,49965,51529,36482,16933,16613,8572,3990,21065,25847
"Greensburg, IN Micro Area",542,712,950,1578,1184,1485,1114,538,356,118,177,90,1143,1347
"Greenville, MS Micro Area",616,427,588,1403,2058,2579,2744,1505,600,933,384,140,1120,1349
"Greenville, NC Metro Area",3223,1929,2683,7267,7591,14153,13781,7684,4166,5096,2487,985,6355,7276
"Greenville, OH Micro Area",1278,1204,1643,2095,2309,3300,2827,1539,735,810,527,209,1788,1954
"Greenville-Mauldin-Easley, SC Metro Area",8043,6558,9117,19756,25715,44183,43274,32047,14692,14698,6872,3082,19597,23859
"Greenwood, MS Micro Area",363,419,561,898,1656,2892,2656,1015,427,344,98,62,390,602
"Greenwood, SC Micro Area",1145,641,994,2008,3144,4194,4090,3529,894,1007,761,384,1618,2147
"Grenada, MS Micro Area",440,423,582,959,1213,1163,1049,752,294,146,201,20,652,543
"Guayama, PR Metro Area",1471,850,1235,1998,2623,4004,2416,1002,226,720,383,189,1630,963
"Gulfport-Biloxi, MS Metro Area",6682,5302,8318,11861,13732,15698,12763,6559,3570,4987,2851,1317,7009,8267
"Guymon, OK Micro Area",506,508,743,657,696,1168,1536,792,327,257,61,37,1383,741
"Hagerstown-Martinsburg, MD-WV Metro Area",10123,6330,7779,11608,12561,14553,11935,9982,4335,4934,2367,1349,9822,10401
"Hammond, LA Micro Area",5410,3127,3094,4580,5184,7055,5879,3805,1408,2133,1283,555,2925,3208
"Hanford-Corcoran, CA Metro Area",3377,5169,3782,6276,4722,8085,5671,3173,1254,1651,1006,695,4267,4589
"Hannibal, MO Micro Area",774,924,1031,1495,2146,2409,2622,1297,473,608,284,181,1028,1569
"Harriman, TN Micro Area",1414,1156,1363,1877,2168,2839,2683,1887,928,760,419,220,1915,1398
"Harrisburg, IL Micro Area",434,371,736,624,924,1394,1503,551,279,257,160,111,809,706
"Harrisburg-Carlisle, PA Metro Area",10166,8280,12621,22008,29860,40326,36970,26008,14280,12758,5747,3623,18472,19237
"Harrison, AR Micro Area",819,478,631,1450,2093,2922,3387,1348,498,769,454,156,1362,1313
"Harrisonburg, VA Metro Area",3013,2033,2359,4232,4616,7813,8181,6025,2490,2685,1407,703,4403,4696
"Hartford-West Hartford-East Hartford, CT Metro Area",14607,13328,21903,45088,62688,87379,77875,73007,39111,34660,13439,6817,41931,36009
"Hastings, NE Micro Area",593,556,1204,1299,2114,2411,3517,1789,963,567,390,126,915,1552
"Hattiesburg, MS Metro Area",3005,2218,2691,5934,7372,9844,9399,4278,2220,2763,1558,466,3773,4915
"Havre, MT Micro Area",132,138,200,286,788,869,2095,679,381,346,207,98,422,473
"Hays, KS Micro Area",307,175,442,935,1703,1939,3663,1418,572,782,460,174,1700,1617
"Heber, UT Micro Area",357,389,345,761,1334,1522,1152,1367,648,669,431,155,534,420
"Helena, MT Micro Area",817,576,1251,1812,3784,6229,8028,4245,2424,1467,968,690,1691,1851
"Helena-West Helena, AR Micro Area",411,207,581,554,1060,1128,1083,414,177,357,141,11,407,526
"Henderson, NC Micro Area",807,513,842,2201,1486,3433,1837,1449,529,447,215,184,1434,1246
"Hereford, TX Micro Area",477,374,517,579,682,1302,1513,694,159,364,86,92,304,458
"Hickory-Lenoir-Morganton, NC Metro Area",4983,5818,8104,16295,18176,20704,21572,14409,6086,6194,3431,1360,11581,11845
"Hilo, HI Micro Area",5134,3282,4333,7468,9696,13106,7664,5528,2771,3098,2068,689,5562,3944
"Hilton Head Island-Beaufort, SC Micro Area",3927,1944,3420,6641,8301,11744,9072,9484,5185,5785,1938,826,5011,3472
"Hinesville-Fort Stewart, GA Metro Area",2658,3850,4070,3818,3271,4300,3157,1391,1322,1444,787,195,1702,1636
"Hobbs, NM Micro Area",2212,2191,1916,3234,2434,3250,3338,2213,771,948,485,194,1141,1153
"Holland-Grand Haven, MI Metro Area",4343,3312,6526,10191,13589,17475,16814,10862,6169,5783,2451,1749,10726,10673
"Homosassa Springs, FL Micro Area",1826,1649,1498,3794,4631,5536,5873,4566,2122,2999,1056,780,2600,2646
"Honolulu, HI Metro Area",32176,31356,39772,55751,53219,60436,36799,34618,16619,23485,11189,6215,30807,26893
"Hood River, OR Micro Area",447,264,378,706,1052,1911,1672,1007,405,717,192,281,499,474
"Hope, AR Micro Area",864,785,438,1057,1444,1922,1660,1447,187,382,129,66,1023,1261
"Hot Springs, AR Metro Area",1156,1079,1841,2867,3910,6294,6466,3230,1529,2041,887,425,2712,2781
"Houghton, MI Micro Area",393,194,684,733,1417,1448,3068,1527,967,1164,525,335,1296,1403
"Houma-Bayou Cane-Thibodaux, LA Metro Area",7071,5803,7310,8686,11503,12755,12239,6523,2367,2986,1417,660,4465,4817
"Houston-Sugar Land-Baytown, TX Metro Area",118513,122370,156472,308779,294977,430707,286958,278211,119137,156583,66328,26513,144096,155514
"Hudson, NY Micro Area",811,835,1063,2074,3141,4013,4534,3286,1882,1643,451,358,1874,1341
"Humboldt, TN Micro Area",1109,556,1054,1905,2651,3781,2867,1490,516,592,163,75,1066,1256
"Huntingdon, PA Micro Area",1571,979,973,1652,1871,2233,2116,1311,704,662,374,200,1782,1497
"Huntington, IN Micro Area",922,621,1001,1861,2080,1806,1610,1108,607,702,327,216,2011,1899
"Huntington-Ashland, WV-KY-OH Metro Area",4366,3296,4251,8429,11095,15936,16107,11534,5433,5751,2773,1349,9537,9639
"Huntsville, AL Metro Area",7314,7544,10485,16836,23026,34387,27813,15786,7482,8545,4847,2048,10595,11215
"Huntsville, TX Micro Area",1090,820,811,1525,2288,3557,3709,1188,212,987,444,287,2730,1764
"Huron, SD Micro Area",299,313,381,424,777,1412,2047,618,367,375,198,59,743,694
"Hutchinson, KS Micro Area",1028,806,1226,1974,2765,4168,5670,2261,1095,1430,430,258,2427,2531
"Hutchinson, MN Micro Area",841,946,1297,1644,1939,2477,2384,1566,548,634,373,173,1498,1481
"Idaho Falls, ID Metro Area",1845,2495,3386,3847,5239,6771,9863,6254,3185,3320,1636,918,2688,3526
"Indiana, PA Micro Area",2164,1451,2249,3066,3884,4553,4805,3255,1907,1666,950,555,3501,2772
"Indianapolis-Carmel, IN Metro Area",25703,23728,33702,71301,87521,135147,106236,84340,41571,42581,20507,9067,55581,63858
"Indianola, MS Micro Area",416,351,272,712,1093,1454,1412,581,203,267,135,48,484,561
"Iowa City, IA Metro Area",2135,1659,2911,5329,7904,11955,13317,8014,4171,4965,2616,1384,7617,6795
"Iron Mountain, MI-WI Micro Area",670,526,831,906,1404,1797,2156,903,338,730,428,107,1020,942
"Ithaca, NY Metro Area",830,633,1046,1702,3151,5676,5479,6030,4986,4633,2176,1029,4331,3690
"Jackson, MI Metro Area",3146,2506,4006,4928,6961,8294,8769,5130,2416,3221,1514,943,5574,5518
"Jackson, MS Metro Area",7847,5284,8439,23291,30193,46751,35901,20581,7395,9461,4766,1927,12492,14822
"Jackson, TN Metro Area",1744,1452,1844,4623,5914,6895,7292,3845,1719,2414,1380,292,3418,4048
"Jackson, WY-ID Micro Area",279,230,438,1234,1055,2848,2523,2191,1439,1099,423,100,1620,606
"Jacksonville, FL Metro Area",21626,19498,27695,53366,61056,93500,75787,67916,33565,34473,16666,8896,39237,38938
"Jacksonville, IL Micro Area",603,536,975,1385,2304,3110,3348,1303,445,809,284,118,1580,1521
"Jacksonville, NC Metro Area",4935,6488,7793,11126,11107,10147,7403,4693,2775,2746,1886,883,4563,4006
"Jacksonville, TX Micro Area",1235,599,796,1221,1665,5626,2019,1948,460,614,358,213,1033,908
"Jamestown, ND Micro Area",335,244,486,782,1215,1193,2306,1086,342,591,164,73,676,718
"Jamestown-Dunkirk-Fredonia, NY Micro Area",2501,1667,3151,3800,5893,6580,8209,5282,2831,2856,1648,598,5688,4952
"Janesville, WI Metro Area",4350,3637,4790,5497,7378,9889,8820,5530,2178,3098,1703,684,6729,6283
"Jasper, IN Micro Area",1318,1670,2537,3093,3202,3317,3772,1309,792,828,441,186,1717,1727
"Jayuya, PR Micro Area",309,150,322,536,582,664,485,317,54,77,60,14,441,230
"Jefferson City, MO Metro Area",2029,2236,3732,6628,9869,12885,12563,5205,1810,2258,1023,391,4044,3863
"Jennings, LA Micro Area",1010,628,854,1235,1126,2277,1226,882,284,317,196,52,865,628
"Jesup, GA Micro Area",652,547,604,848,1461,2285,1400,944,478,443,112,35,282,459
"Johnson City, TN Metro Area",2255,2287,3836,6479,7312,13736,11470,9622,3365,4119,2232,1072,6681,7067
"Johnstown, PA Metro Area",3443,2166,2702,5242,5960,7405,7105,5850,3034,2880,1202,883,5464,4751
"Jonesboro, AR Metro Area",2156,1351,2331,3840,6206,7944,8868,3835,1638,2795,1011,302,3676,3317
"Joplin, MO Metro Area",3419,2646,3778,5442,8038,10642,12434,5505,3126,3624,1906,914,6063,7326
"Juneau, AK Micro Area",430,315,398,646,1778,2959,3404,2480,845,1085,655,234,755,496
"Kahului-Wailuku, HI Micro Area",3618,2837,3695,6998,9096,11335,6839,5584,3001,3886,2195,908,6435,4356
"Kalamazoo-Portage, MI Metro Area",4112,3545,5976,10093,14821,21434,23229,12714,7437,7435,3506,2611,12044,12924
"Kalispell, MT Micro Area",1254,701,1160,1920,3271,4747,8288,4161,3841,2519,973,533,2343,2106
"Kankakee-Bradley, IL Metro Area",3567,1812,2781,4752,5285,5704,5672,4051,1839,2276,1164,592,4400,3339
"Kansas City, MO-KS Metro Area",31979,28261,45568,83540,102796,152579,138555,102356,48641,49834,22218,11075,62306,69023
"Kapaa, HI Micro Area",1504,909,1353,2783,3631,4900,3248,2654,1613,2211,700,330,1986,1985
"Kearney, NE Micro Area",678,676,1642,1884,2835,3306,5853,2763,1017,1319,493,289,2275,2419
"Keene, NH Micro Area",1596,1012,1758,3153,4555,4615,4878,3913,1839,1873,958,665,3309,2278
"Kendallville, IN Micro Area",2259,1242,1685,1717,2426,2252,2114,1168,505,483,332,119,1754,2290
"Kennett, MO Micro Area",666,724,522,828,1032,1776,1547,1200,346,269,121,139,751,990
"Kennewick-Pasco-Richland, WA Metro Area",5859,6706,8614,11791,12988,12687,13383,7635,4290,4949,2663,1536,6492,6789
"Kerrville, TX Micro Area",506,551,693,1216,2288,3363,3618,1714,1034,1136,510,277,1136,966
"Ketchikan, AK Micro Area",133,169,256,731,1008,903,1232,628,281,262,116,59,228,518
"Key West, FL Micro Area",1034,792,867,2062,2660,4807,4925,5809,2023,3252,1425,715,2111,2317
"Kill Devil Hills, NC Micro Area",581,385,382,1152,1407,1924,2576,2536,1453,1764,640,109,939,771
"Killeen-Temple-Fort Hood, TX Metro Area",8445,12440,19081,18957,20136,26042,20824,11261,7955,6610,3466,1767,8561,10615
"Kingsport-Bristol-Bristol, TN-VA Metro Area",4857,4095,7981,10730,12093,18613,18472,11770,5046,6513,2761,1390,8825,9830
"Kingston, NY Metro Area",2721,2089,3207,5711,8063,10612,10083,10319,6952,4598,2611,1275,5675,5487
"Kingsville, TX Micro Area",574,472,269,1297,1104,2427,2037,1850,333,822,331,192,715,906
"Kinston, NC Micro Area",1088,701,1483,2520,3095,3261,3251,1753,759,955,449,352,1822,1458
"Kirksville, MO Micro Area",597,307,332,703,1015,1544,2358,998,623,736,310,239,1079,1321
"Klamath Falls, OR Micro Area",1156,1256,1522,1800,2480,3359,4199,2093,954,1263,690,306,2247,1531
"Knoxville, TN Metro Area",9623,8304,13294,22580,29508,51121,51166,33399,16316,17306,8811,2879,21042,22296
"Kodiak, AK Micro Area",97,101,160,568,726,1060,1223,784,337,360,203,55,433,764
"Kokomo, IN Metro Area",1752,1149,2240,3316,4125,5147,4941,3425,1863,1921,982,450,4171,3993
"Laconia, NH Micro Area",938,845,1343,2728,3841,4646,3954,2967,1775,1512,605,170,2011,1249
"La Crosse, WI-MN Metro Area",2865,2325,3818,4892,6901,10322,11034,4840,2424,2771,1413,851,7071,6007
"Lafayette, IN Metro Area",2635,2838,4425,5352,8506,11548,13603,8460,5048,6665,3452,1698,8176,8911
"Lafayette, LA Metro Area",6582,4469,5573,11753,14955,24972,17350,11609,5352,5580,3067,1369,7387,8009
"La Follette, TN Micro Area",693,611,869,1432,1863,1340,1572,1181,426,407,343,148,871,1432
"La Grande, OR Micro Area",338,362,487,892,1248,1172,1610,1151,380,505,281,113,887,549
"LaGrange, GA Micro Area",1192,541,1501,2321,3061,4080,3944,2019,1217,1599,637,273,1786,2396
"Lake Charles, LA Metro Area",4897,4687,6181,8175,9921,13258,10350,6421,2099,3891,1669,670,5346,6720
"Lake City, FL Micro Area",1184,524,1517,2171,2550,3352,3610,1679,1020,1054,306,334,1868,1448
"Lake Havasu City-Kingman, AZ Metro Area",4583,3373,3967,4267,6531,7047,9580,5412,2728,3396,2181,760,6017,5809
"Lakeland-Winter Haven, FL Metro Area",11404,8922,10797,21795,22764,38149,34876,19930,8720,10707,5697,2268,15968,15697
"Lamesa, TX Micro Area",127,289,345,257,528,519,936,574,266,179,99,13,111,402
"Lancaster, PA Metro Area",11929,9430,14795,24027,28188,32908,30302,19928,10568,9043,5144,2852,18123,18417
"Lancaster, SC Micro Area",1068,1449,1368,2755,2772,4528,4075,2792,1313,1569,724,132,2419,1920
"Lansing-East Lansing, MI Metro Area",6541,5464,8994,13192,17583,27859,32289,21571,13279,12014,7122,3070,17856,17953
"Laramie, WY Micro Area",407,382,581,1089,1708,2232,4009,1739,911,1268,596,347,1447,1407
"Laredo, TX Metro Area",3417,2177,2159,3953,5838,14502,15242,11859,7344,7968,3089,1180,6173,5960
"Las Cruces, NM Metro Area",2591,2875,3615,6636,7156,11724,14737,10773,3570,4660,2031,1021,5680,5310
"Las Vegas, NM Micro Area",125,177,551,838,1031,1780,2399,1108,343,594,95,119,695,404
"Las Vegas-Paradise, NV Metro Area",62076,38478,39772,72476,67973,100600,81993,79366,37211,54547,28053,16954,88645,95401
"Laurel, MS Micro Area",2254,2107,2616,3265,4517,5193,4255,1661,527,1045,581,145,2030,2107
"Laurinburg, NC Micro Area",283,257,414,1122,1316,2156,1724,1210,316,396,228,57,842,768
"Lawrence, KS Metro Area",1558,1003,1822,2772,4528,7701,8929,6368,3118,3954,2353,1098,6523,5406
"Lawrenceburg, TN Micro Area",1128,822,1107,2280,2397,2422,1860,889,364,482,312,203,1051,788
"Lawton, OK Metro Area",3609,3636,3347,4735,5242,7672,6889,4493,2531,2494,1071,532,3311,4059
"Lebanon, MO Micro Area",1178,1162,1540,1124,1580,1724,2135,920,452,434,297,119,1340,726
"Lebanon, NH-VT Micro Area",2811,2155,3889,7189,10857,13758,11734,8784,3657,4452,1792,811,5801,4312
"Lebanon, PA Metro Area",3631,2890,3806,5142,7563,8294,7309,4699,2877,2264,1315,832,5551,5000
"Levelland, TX Micro Area",343,175,505,846,966,1605,1938,918,353,574,285,159,477,739
"Lewisburg, PA Micro Area",785,529,871,1474,1624,2197,2474,1380,631,712,344,148,1219,1376
"Lewisburg, TN Micro Area",595,682,923,1799,1595,1859,1288,835,213,467,181,56,1141,1097
"Lewiston, ID-WA Metro Area",1821,963,1396,2008,2590,3155,4216,2454,1567,1223,563,533,1810,1857
"Lewiston-Auburn, ME Metro Area",2760,2406,3163,4554,5402,7885,6371,4349,1811,2134,1001,504,4073,3299
"Lewistown, PA Micro Area",909,1015,1455,1835,2383,2074,2274,1192,452,737,362,135,1888,1669
"Lexington, NE Micro Area",511,673,609,1175,1217,1550,2037,1099,385,228,113,149,1437,1068
"Lexington-Fayette, KY Metro Area",5341,4751,7495,14657,23507,35259,33126,24326,13130,14796,7226,3699,15697,20350
"Lexington Park, MD Micro Area",3014,2629,3717,6540,7239,8941,5457,4247,2055,1862,574,432,2765,2299
"Liberal, KS Micro Area",526,569,532,886,1010,1146,1224,767,332,477,164,52,1192,1027
"Lima, OH Metro Area",2076,1357,2381,3213,5734,5158,6214,3449,1917,1782,777,372,5258,5041
"Lincoln, IL Micro Area",346,223,564,990,1279,1735,1887,821,505,513,213,198,839,854
"Lincoln, NE Metro Area",4805,3324,5837,10548,16632,23279,28723,14463,7750,7754,3852,2146,13946,12536
"Lincolnton, NC Micro Area",1271,1355,2230,4014,4049,6253,3795,2339,1430,1238,758,385,2149,2285
"Little Rock-North Little Rock-Conway, AR Metro Area",10992,8956,14272,31234,38521,60056,45986,31103,13463,14691,7411,3147,17357,21418
"Lock Haven, PA Micro Area",1055,887,996,1823,1997,1883,2022,952,471,481,405,275,1234,1542
"Logan, UT-ID Metro Area",2639,1855,2700,3278,4247,5129,7767,5728,3909,4453,1508,936,5407,4998
"Logansport, IN Micro Area",991,871,1298,1445,1856,1997,2165,1022,385,508,397,85,2053,1627
"London, KY Micro Area",846,515,1021,1468,2074,3088,3422,2210,972,1145,551,143,2111,1660
"Longview, TX Metro Area",5690,3684,5528,7966,9320,14307,13290,7573,3449,3618,2311,782,4912,6242
"Longview, WA Metro Area",2933,2054,2098,3238,4057,4058,4776,3507,1891,1707,1211,592,2690,3136
"Los Alamos, NM Micro Area",30,141,112,594,1014,1582,1883,1448,576,476,150,27,330,223
"Los Angeles-Long Beach-Santa Ana, CA Metro Area",263282,225873,245853,485079,452797,789689,576031,688095,340490,486984,211956,88416,357187,311961
"Louisville/Jefferson County, KY-IN Metro Area",21800,19153,27451,47242,56846,83309,74726,60333,32441,32105,14418,7298,46381,49776
"Lubbock, TX Metro Area",3730,1777,4768,6490,10237,18801,27616,15304,6766,8132,3801,1873,8943,12199
"Lufkin, TX Micro Area",1404,1769,1679,2012,3445,5982,6532,2086,1124,1267,552,271,2621,3486
"Lumberton, NC Micro Area",2159,1501,1840,3713,4366,9985,5642,5327,1716,1904,616,391,3608,3504
"Lynchburg, VA Metro Area",3791,3000,4793,9925,11738,16260,15494,11290,5682,5908,2538,993,8959,9760
"Macomb, IL Micro Area",528,276,620,915,1479,1519,2431,1171,705,890,375,288,1308,1448
"Macon, GA Metro Area",2761,2660,3901,7673,8081,12639,15497,9752,5039,5564,2027,1410,6656,6682
"Madera-Chowchilla, CA Metro Area",3369,2461,2768,4581,3639,5935,5544,3327,991,1822,857,363,2184,2054
"Madison, IN Micro Area",627,512,1306,1044,1488,1499,1942,870,456,449,359,298,1454,1368
"Madison, WI Metro Area",9208,7483,13442,23034,31287,47114,48173,30729,17639,17595,7840,4551,22029,19692
"Madisonville, KY Micro Area",1337,695,1191,1497,2274,2505,2359,1253,598,723,159,241,2146,2126
"Magnolia, AR Micro Area",656,325,451,450,998,1070,2008,1097,226,220,308,21,732,458
"Malone, NY Micro Area",678,496,1459,1434,1942,3207,2836,1639,941,571,431,227,1625,1483
"Manchester-Nashua, NH Metro Area",7483,6773,10155,17240,23731,29706,27547,22652,11269,10294,4575,1934,13553,11360
"Manhattan, KS Metro Area",2148,2567,3757,4832,6725,9236,10502,4892,2349,2178,993,779,3370,6696
"Manitowoc, WI Micro Area",3523,2351,3658,3279,4507,4261,4196,2296,1168,1026,534,496,4614,3416
"Mankato-North Mankato, MN Metro Area",1354,1143,2634,3018,5373,6445,9814,4127,2130,2364,1607,817,5134,4961
"Mansfield, OH Metro Area",2735,1998,3100,3385,5509,6478,6790,3905,2520,2170,1244,729,5185,4798
"Marble Falls, TX Micro Area",672,848,511,1902,1381,3307,1995,1661,711,1003,393,212,687,1213
"Marinette, WI-MI Micro Area",2480,1627,2503,2488,2810,2674,3309,1700,943,719,572,286,2560,3003
"Marion, IN Micro Area",1818,692,1706,1660,3003,2520,4033,1963,1120,1370,770,306,2545,3110
"Marion, OH Micro Area",1053,1277,1471,2518,3109,2394,3291,2199,986,1127,627,258,2726,2903
"Marion-Herrin, IL Micro Area",1183,779,1142,1948,2781,3866,5768,2738,830,1360,685,279,2190,1914
"Marquette, MI Micro Area",1083,1078,1559,1849,2876,3425,4294,2750,1675,1882,970,318,3161,2469
"Marshall, MN Micro Area",435,370,484,803,1548,2128,3038,956,463,295,225,178,1117,929
"Marshall, MO Micro Area",843,462,496,694,1008,1379,1275,812,157,246,129,211,1250,756
"Marshall, TX Micro Area",1866,1681,1389,2415,2959,4708,4029,1436,786,1371,702,251,1722,2174
"Marshalltown, IA Micro Area",933,707,877,1487,1958,2440,2901,1191,456,756,167,190,2832,1207
"Marshfield-Wisconsin Rapids, WI Micro Area",1644,1432,2280,3249,4563,5140,5078,2114,951,1100,715,272,3392,2709
"Martin, TN Micro Area",406,412,1066,1745,1799,2067,2109,1147,362,592,321,148,1234,759
"Martinsville, VA Micro Area",824,887,1406,2565,3913,3053,3869,2153,1135,1096,371,232,2098,2257
"Maryville, MO Micro Area",314,251,527,981,1128,1366,1598,551,405,495,346,310,1000,1507
"Mason City, IA Micro Area",1340,686,1784,2011,3325,3176,4200,2146,809,1042,472,342,1986,2143
"Mayagüez, PR Metro Area",991,569,994,2303,2662,7461,2786,2253,819,1041,561,525,2005,1675
"Mayfield, KY Micro Area",641,430,584,1454,2165,2445,1808,817,441,493,243,170,1053,1189
"Maysville, KY Micro Area",593,460,607,1043,1184,1780,1351,1256,426,532,316,223,629,1156
"McAlester, OK Micro Area",927,846,1473,1775,1503,2148,3111,1722,685,636,282,269,904,1105
"McAllen-Edinburg-Mission, TX Metro Area",8770,5893,8270,16087,23909,48516,42432,33572,12283,17427,8181,3547,17427,17218
"McComb, MS Micro Area",1819,595,647,1754,2750,2953,2456,1047,474,768,396,148,1736,1488
"McMinnville, TN Micro Area",1176,989,941,1722,2137,2244,1435,872,383,566,119,95,974,1223
"McPherson, KS Micro Area",512,485,753,1064,1486,1982,2846,1269,591,649,224,128,774,1293
"Meadville, PA Micro Area",1780,1423,2191,2823,3972,4950,4977,3126,1480,1369,1157,615,2904,2579
"Medford, OR Metro Area",3665,2195,3790,5382,7318,10235,12576,7611,4028,5644,2932,1475,6454,4795
"Memphis, TN-MS-AR Metro Area",22702,19052,22659,52702,60534,90345,70661,56926,24976,30166,14730,6860,42192,47995
"Menomonie, WI Micro Area",1223,1203,1298,1950,2054,2458,2666,1297,516,778,641,278,2659,1679
"Merced, CA Metro Area",8421,6171,5222,7940,8130,9807,12303,5926,3325,3970,2400,1456,6417,6354
"Meridian, MS Micro Area",1597,1837,1848,4512,6597,5461,6096,3027,1205,1654,964,318,2933,3133
"Merrill, WI Micro Area",972,783,1321,1396,1694,1610,1616,836,251,442,234,89,1160,893
"Mexico, MO Micro Area",233,472,576,804,1588,1469,1507,654,255,359,302,75,751,807
"Miami, OK Micro Area",564,350,583,1095,1509,1697,1997,1168,563,561,229,95,1161,1106
"Miami-Fort Lauderdale-Pompano Beach, FL Metro Area",71284,58173,67816,180252,203458,374927,282616,361001,169641,212788,87250,35444,152413,147501
"Michigan City-La Porte, IN Metro Area",3171,2529,3373,4399,4884,5291,5078,3499,1700,1921,1035,589,4235,3496
"Middlesborough, KY Micro Area",409,296,420,864,915,1214,1382,875,229,239,170,134,760,729
"Midland, MI Micro Area",1128,752,1526,3034,3591,5608,7031,3058,1790,1907,962,498,2278,2038
"Midland, TX Metro Area",2400,1448,2727,4464,6942,10361,13529,7468,3264,4246,1724,567,2887,3857
"Milledgeville, GA Micro Area",729,914,799,1093,2109,2890,2990,961,740,885,724,160,1710,1660
"Milwaukee-Waukesha-West Allis, WI Metro Area",24942,25357,36878,63405,77813,112019,95176,71679,33465,35510,18266,10044,66553,53181
"Minden, LA Micro Area",1222,898,1082,1325,2192,2502,1670,922,360,544,176,96,1068,1291
"Mineral Wells, TX Micro Area",572,576,760,1081,1188,1740,1837,1105,509,541,165,127,592,614
"Minneapolis-St. Paul-Bloomington, MN-WI Metro Area",54449,51393,77093,144331,179767,245787,218854,172221,90265,98507,42200,19985,127015,103614
"Minot, ND Micro Area",1433,845,1883,2348,4654,5436,7841,2854,1623,1530,608,410,2361,2809
"Missoula, MT Metro Area",1778,890,1861,2888,4192,6201,10025,5641,3999,3973,1827,935,4144,4405
"Mitchell, SD Micro Area",250,198,802,733,1058,1488,2273,1399,632,360,177,123,1070,766
"Moberly, MO Micro Area",452,266,569,924,1313,1561,1587,592,253,277,211,107,597,734
"Mobile, AL Metro Area",10705,7683,10584,17502,21362,24483,21525,12364,5630,7985,3635,1662,9090,10855
"Modesto, CA Metro Area",17518,11360,9179,16965,15650,23591,23363,16264,7255,9741,5300,2822,15448,14895
"Monroe, LA Metro Area",3322,2249,2469,5942,7296,14762,11446,8348,2711,3685,1721,576,3904,4251
"Monroe, MI Metro Area",3172,3196,3741,6091,6872,7906,7422,5965,2995,3053,1363,1009,5814,5554
"Monroe, WI Micro Area",1400,898,1083,1977,2163,2932,2299,1257,510,491,357,178,1383,1274
"Montgomery, AL Metro Area",7163,5362,8186,14988,21108,29724,21349,11672,5487,6157,3169,1413,10386,11559
"Montrose, CO Micro Area",838,494,891,1329,2143,2474,3147,1764,511,615,260,238,833,1053
"Morehead City, NC Micro Area",835,906,1422,2822,3349,4747,4048,2916,1569,1839,993,360,1690,1576
"Morgan City, LA Micro Area",1719,1101,1360,1953,2674,3047,3460,1218,573,627,335,82,1139,1768
"Morgantown, WV Metro Area",2105,2039,2811,4564,5323,7438,7072,6217,3124,3334,1422,853,5319,5399
"Morristown, TN Metro Area",2287,2332,3077,4815,5490,8349,7255,4809,1940,2045,1019,962,3987,5493
"Moscow, ID Micro Area",727,314,822,920,1543,2149,3159,1992,753,1038,504,417,1568,1252
"Moses Lake, WA Micro Area",1693,2286,2799,3499,4324,4583,4755,2882,895,1001,796,354,2079,1946
"Moultrie, GA Micro Area",585,848,884,1488,2010,3801,2615,1379,885,605,324,81,1207,1129
"Mountain Home, AR Micro Area",458,471,665,973,1533,1845,2629,1026,576,963,442,143,1120,1076
"Mountain Home, ID Micro Area",394,510,814,1629,1642,1904,1169,855,238,321,362,107,647,989
"Mount Airy, NC Micro Area",1482,1129,1514,2453,3154,4837,5173,2983,1063,1314,540,317,1872,2276
"Mount Pleasant, MI Micro Area",1122,677,1058,1559,2173,3129,4696,2118,1592,1855,1161,554,4230,3443
"Mount Pleasant, TX Micro Area",658,653,656,1167,1584,1830,2057,772,320,413,228,188,1007,1185
"Mount Sterling, KY Micro Area",1067,744,1147,1809,1850,2101,2034,1176,424,547,340,215,856,1382
"Mount Vernon, IL Micro Area",634,664,1070,1582,1960,1934,3118,1798,762,816,494,95,2117,1970
"Mount Vernon, OH Micro Area",1676,947,1368,2521,3085,3415,3181,2164,1190,1089,539,364,2097,1848
"Mount Vernon-Anacortes, WA Metro Area",3082,2219,2801,3999,4114,7261,6348,4568,2379,2906,1431,787,3511,2874
"Muncie, IN Metro Area",2008,1290,2060,2933,4634,5143,7146,3832,2336,2890,1675,886,4990,5789
"Murray, KY Micro Area",627,462,745,1466,2152,2724,2577,1154,458,747,456,231,1211,1596
"Muscatine, IA Micro Area",2506,1176,1577,2448,3002,2808,3301,1421,738,555,515,239,2569,2342
"Muskegon-Norton Shores, MI Metro Area",2974,2806,3620,4746,6601,6996,8345,5756,3152,3219,1689,1028,7141,6174
"Muskogee, OK Micro Area",1340,996,1230,2561,2499,3891,4597,2671,1001,1239,457,352,1894,1857
"Myrtle Beach-North Myrtle Beach-Conway, SC Metro Area",2893,2425,3599,8423,10017,17364,15826,13512,6559,8380,4237,2436,10288,9187
"Nacogdoches, TX Micro Area",873,960,826,2525,2077,4127,3898,2439,724,1316,659,380,2515,2461
"Napa, CA Metro Area",3090,2564,3145,4916,5685,7297,9111,7680,3283,4588,2274,852,3395,3054
"Naples-Marco Island, FL Metro Area",4396,3811,3744,11175,11580,17666,14302,16580,7947,10480,3801,1725,7704,5733
"Nashville-Davidson--Murfreesboro--Franklin, TN Metro Area",28821,26846,40054,74878,89271,117668,85975,67472,31612,39275,17233,8075,48155,48467
"Natchez, MS-LA Micro Area",690,883,886,1247,1890,2685,3317,1736,816,701,305,210,993,1328
"Natchitoches, LA Micro Area",1015,698,909,1380,1728,2305,2382,925,453,506,179,233,952,1660
"New Bern, NC Micro Area",2452,2690,2879,5995,6138,7309,6892,4029,2044,2020,1454,636,3518,3307
"Newberry, SC Micro Area",646,783,659,1938,1537,2490,1868,1076,878,725,561,127,863,1729
"New Castle, IN Micro Area",1050,946,1206,2372,1585,2291,2351,1510,560,681,460,152,1691,1553
"New Castle, PA Micro Area",1733,1428,1939,3314,4247,4897,4983,3776,2287,2046,974,583,3018,3177
"New Haven-Milford, CT Metro Area",9373,9795,15978,33125,41774,55844,53546,53535,27715,27148,10660,5823,30082,25163
"New Iberia, LA Micro Area",2150,1125,1786,2957,3955,4557,4411,2529,1014,975,572,350,1344,1650
"New Orleans-Metairie-Kenner, LA Metro Area",23940,21781,25335,51664,50625,78384,63566,60340,26392,32892,15353,5187,28507,31507
"New Philadelphia-Dover, OH Micro Area",2697,2078,2637,3933,4400,4749,5163,3254,1499,1651,860,378,3356,3277
"Newport, TN Micro Area",465,464,739,942,1258,1774,1621,869,683,687,189,143,1440,1374
"Newton, IA Micro Area",970,633,937,1528,2070,2150,2541,1231,744,473,233,288,1141,1141
"New Ulm, MN Micro Area",508,398,833,1274,1688,1656,2109,776,413,430,140,87,1075,993
"New York-Northern New Jersey-Long Island, NY-NJ-PA Metro Area",226923,213279,268222,623000,667147,1262227,992098,1347204,693329,750241,291371,130239,503204,438662
"Niles-Benton Harbor, MI Metro Area",2737,1898,2478,4480,6645,8758,10995,6820,3063,3381,2161,832,5911,4938
"Nogales, AZ Micro Area",667,398,1010,1576,1540,1744,2245,1982,835,1546,553,240,553,885
"Norfolk, NE Micro Area",1599,1081,1394,1908,2065,3060,4524,2058,725,848,579,262,1518,2013
"North Platte, NE Micro Area",815,465,805,795,1399,1888,3210,1871,943,801,397,279,1708,1645
"North Port-Bradenton-Sarasota, FL Metro Area",7036,6225,8648,17477,24195,43074,37406,34837,17556,19839,6813,4284,18504,16317
"North Vernon, IN Micro Area",863,759,882,1132,1634,1584,1057,588,396,288,203,97,1101,1162
"North Wilkesboro, NC Micro Area",1235,1151,984,2479,3581,4154,3609,2234,929,845,360,288,1662,2093
"Norwalk, OH Micro Area",1245,1182,2035,2626,2905,3207,2689,1791,1022,1003,556,286,2625,2429
"Norwich-New London, CT Metro Area",4749,4291,7937,11315,14001,17480,15131,14552,7266,6897,3552,2410,11466,10629
"Oak Harbor, WA Micro Area",2027,1261,1810,3536,3430,4468,3082,2810,1719,1879,1010,410,2823,2244
"Oak Hill, WV Micro Area",1009,579,701,1295,1443,2781,1584,1079,817,877,189,138,1579,1075
"Ocala, FL Metro Area",4432,4598,5713,11283,12166,18020,14180,11046,5590,5757,2947,1532,7444,6084
"Ocean City, NJ Metro Area",808,1132,1439,2313,4591,5378,6412,5423,3929,3596,1248,545,2264,2545
"Ocean Pines, MD Micro Area",464,437,755,1159,1747,3490,3320,3047,1756,1963,567,321,1683,1396
"Odessa, TX Metro Area",2837,1918,2838,4658,7112,8392,12027,6697,2808,3052,1291,1061,2900,4058
"Ogden-Clearfield, UT Metro Area",12654,9443,16616,19726,25142,30035,28487,23261,13956,13185,6195,3096,19291,17761
"Ogdensburg-Massena, NY Micro Area",1570,1401,2069,3715,4865,5422,6245,3413,1972,1788,1324,621,3990,4307
"Oil City, PA Micro Area",1084,943,1397,2131,3102,2456,3006,1751,1064,1205,479,200,2073,2052
"Okeechobee, FL Micro Area",589,1093,652,2251,1592,2186,1211,1681,602,321,194,125,486,875
"Oklahoma City, OK Metro Area",17967,15152,25383,47666,61554,92788,86852,62136,29333,35261,16454,7016,36541,42015
"Olean, NY Micro Area",1878,1229,1935,2843,4014,4326,4495,3254,1382,1246,717,363,3460,2459
"Olympia, WA Metro Area",5848,4883,6549,9594,12529,16342,16815,10454,5955,6226,2683,1827,7104,5876
"Omaha-Council Bluffs, NE-IA Metro Area",13101,10980,18943,35677,52022,71330,67196,41257,19504,20400,9444,5159,31504,32037
"Oneonta, NY Micro Area",1252,652,1074,1715,3092,3676,3618,2606,1408,1564,732,587,2444,1886
"Ontario, OR-ID Micro Area",490,658,1198,1202,1535,2525,3479,1914,805,1072,383,362,1552,1264
"Opelousas-Eunice, LA Micro Area",2648,1898,1860,3242,4187,5042,4492,1736,807,879,293,188,1491,1613
"Orangeburg, SC Micro Area",2119,1728,1473,3188,3356,4286,4323,3023,1860,1750,733,540,2435,2831
"Orlando-Kissimmee-Sanford, FL Metro Area",33645,27293,35455,77668,82363,138380,115538,127363,56656,66981,32339,14868,70725,70745
"Oshkosh-Neenah, WI Metro Area",4170,3287,5025,6702,8840,11714,10351,5446,2503,3328,1612,1361,7952,7995
"Oskaloosa, IA Micro Area",696,586,522,942,1050,1226,1661,756,452,216,203,109,1034,623
"Ottawa-Streator, IL Micro Area",4957,3898,4315,6699,7343,7936,8901,5356,2815,2745,1143,922,6001,5509
"Ottumwa, IA Micro Area",1735,633,731,1069,1635,1618,2028,1168,601,475,421,237,1817,1299
"Owatonna, MN Micro Area",736,672,1277,1633,2427,2858,2594,1464,363,587,286,90,1381,1447
"Owensboro, KY Metro Area",1929,1886,2276,5621,7754,7436,6301,2629,1610,2207,809,378,3574,3865
"Owosso, MI Micro Area",1445,1464,1464,2483,3220,4130,3358,2352,1155,1255,577,338,2443,2603
"Oxford, MS Micro Area",704,500,545,1402,1779,3052,3467,2018,1007,1300,950,376,1306,1070
"Oxnard-Thousand Oaks-Ventura, CA Metro Area",15683,15926,20430,35480,36997,48782,47193,40176,20969,24850,11440,4862,18987,17799
"Paducah, KY-IL Micro Area",1732,1663,2387,4222,4795,5632,5803,3154,1779,1623,999,358,3014,2914
"Pahrump, NV Micro Area",1514,951,1148,1068,1259,1082,1500,914,425,816,271,112,1190,1425
"Palatka, FL Micro Area",1607,1011,1809,3437,2787,3691,2643,1900,710,772,482,149,1266,1449
"Palestine, TX Micro Area",1789,1620,709,1378,1550,5214,2042,1641,432,599,316,171,1090,1283
"Palm Bay-Melbourne-Titusville, FL Metro Area",7145,5881,9783,19402,25061,35400,28504,24689,11400,13386,5825,3160,13260,13436
"Palm Coast, FL Metro Area",1262,891,1115,2432,3245,4842,4419,3994,1889,2015,957,1040,2052,2127
"Pampa, TX Micro Area",524,580,373,772,928,1179,1539,1035,462,382,135,81,628,863
"Panama City-Lynn Haven-Panama City Beach, FL Metro Area",2592,2853,3829,8276,9850,11919,9361,6822,2404,4141,2103,746,5803,5614
"Paragould, AR Micro Area",835,509,1145,1350,2775,2172,2229,872,420,629,458,148,1524,1601
"Paris, TN Micro Area",476,278,636,1050,1755,2109,2317,733,382,317,159,184,785,796
"Paris, TX Micro Area",1001,747,1047,1654,2079,2595,3749,1554,699,1049,543,261,1448,1691
"Parkersburg-Marietta-Vienna, WV-OH Metro Area",2228,2229,4491,6148,6668,9687,9608,5854,3395,2919,1265,670,4692,5327
"Parsons, KS Micro Area",423,515,741,698,1046,1333,1737,843,252,418,157,99,540,784
"Pascagoula, MS Metro Area",8373,4508,4195,6557,8467,7873,7239,4187,1720,2506,1125,611,4235,4757
"Payson, AZ Micro Area",1710,1220,1144,1418,1489,2331,2653,1177,501,456,210,245,1516,972
"Pecos, TX Micro Area",98,204,257,328,293,711,927,580,245,218,74,16,280,271
"Pella, IA Micro Area",599,802,984,1555,1848,2356,2165,1100,468,569,331,228,887,1143
"Pendleton-Hermiston, OR Micro Area",2516,2137,2187,2793,4310,4420,4683,2140,1179,1658,826,469,2787,2960
"Pensacola-Ferry Pass-Brent, FL Metro Area",8702,6572,10590,19420,24392,29361,25002,14701,6801,8892,4795,2526,11508,12090
"Peoria, IL Metro Area",6188,5157,9244,16369,20978,25280,26514,15552,6963,6712,3608,1730,13273,13247
"Peru, IN Micro Area",831,642,746,1318,1706,1897,1828,752,312,508,172,108,1593,1583
"Philadelphia-Camden-Wilmington, PA-NJ-DE-MD Metro Area",82589,75232,111577,223106,268279,407975,342370,346210,177735,173318,68984,33249,178893,165618
"Phoenix Lake-Cedar Ridge, CA Micro Area",968,801,957,1258,1889,2802,2846,1865,773,1072,688,163,1225,975
"Phoenix-Mesa-Glendale, AZ Metro Area",119853,101293,101043,181408,162252,250904,172125,164992,74721,98620,45866,22827,119583,117640
"Picayune, MS Micro Area",2167,1014,1971,1633,2511,3273,2522,1268,691,694,149,93,1040,1313
"Pierre, SD Micro Area",300,257,340,509,1068,1379,4024,737,387,406,220,71,342,631
"Pierre Part, LA Micro Area",1248,792,1050,989,902,1225,645,694,83,174,77,50,463,377
"Pine Bluff, AR Metro Area",1858,1859,2082,3325,3650,5436,5659,3146,1180,1207,573,356,2327,3305
"Pittsburg, KS Micro Area",544,554,679,1463,1522,2383,3581,1585,870,778,259,125,1533,1311
"Pittsburgh, PA Metro Area",36362,35650,55275,98766,116857,149466,131498,109255,64794,65254,27434,13621,81912,76631
"Pittsfield, MA Metro Area",1198,1193,2886,4021,6508,8125,8042,7031,3585,4173,1980,820,4744,4158
"Plainview, TX Micro Area",815,575,487,850,1356,1547,2833,1550,416,601,350,75,1152,1084
"Platteville, WI Micro Area",1399,1330,1269,1734,2357,3552,3703,1503,596,848,568,373,2224,2215
"Plattsburgh, NY Micro Area",1126,1128,1488,3301,4402,4687,5025,2851,1595,1910,648,519,3173,2894
"Plymouth, IN Micro Area",1886,1076,1600,1537,2284,2634,2696,1621,680,766,304,130,1505,1973
"Pocatello, ID Metro Area",1081,1026,2336,2107,3118,4400,7070,4442,2333,2459,998,697,3374,3450
"Point Pleasant, WV-OH Micro Area",1125,670,1110,2196,3070,3123,3148,1616,629,697,385,72,1499,1811
"Ponca City, OK Micro Area",830,1011,936,1427,2034,2546,3436,1867,684,868,365,191,1318,1621
"Ponce, PR Metro Area",4931,3327,3757,6505,7957,11631,7680,4026,1808,2158,1166,898,4780,3708
"Pontiac, IL Micro Area",879,774,1016,1652,2037,2046,2149,1070,328,413,196,76,1267,1564
"Poplar Bluff, MO Micro Area",625,453,1038,1475,1936,2766,3068,1476,594,597,414,78,1397,1117
"Portales, NM Micro Area",265,131,249,420,1195,1016,1553,690,263,425,286,109,709,758
"Port Angeles, WA Micro Area",1337,646,1218,1568,2654,3376,4237,2496,1653,1459,934,620,2011,1193
"Portland-South Portland-Biddeford, ME Metro Area",10208,8527,11974,22115,28656,38328,34759,28033,13342,12225,5824,3688,18174,14654
"Portland-Vancouver-Hillsboro, OR-WA Metro Area",42904,35491,48797,83904,102457,139007,123721,105091,59501,67526,30481,16087,68371,62766
"Port St. Lucie, FL Metro Area",4889,4522,6552,14198,15667,22695,18638,18854,8982,10355,5527,2270,9890,10632
"Portsmouth, OH Micro Area",1054,1237,1677,2411,2906,3240,3250,2129,1707,1457,602,409,2371,2496
"Pottsville, PA Micro Area",4092,3303,4754,5828,6920,6835,6453,4920,2861,2072,1401,607,5057,5929
"Poughkeepsie-Newburgh-Middletown, NY Metro Area",12265,9870,15987,26259,30501,40161,34686,32984,20354,18187,8388,4221,20987,19034
"Prescott, AZ Metro Area",3250,2912,4416,6024,7681,9575,10591,7124,3817,5304,2743,1223,6288,4556
"Price, UT Micro Area",384,331,642,695,840,664,1190,886,379,349,272,119,1080,673
"Prineville, OR Micro Area",901,338,508,565,847,861,994,521,435,310,119,132,311,293
"Providence-New Bedford-Fall River, RI-MA Metro Area",23838,20948,30467,61333,81902,106189,94241,88576,45797,43762,19521,9499,60033,49386
"Provo-Orem, UT Metro Area",7723,5695,10080,13068,17029,21685,31018,25712,16422,14594,6771,3889,19763,17046
"Pueblo, CO Metro Area",2912,2507,3684,5374,6400,8566,8508,5238,3045,3377,1662,887,5147,4994
"Pullman, WA Micro Area",524,189,418,732,1377,2092,3275,2391,1526,1605,758,383,2291,1365
"Punta Gorda, FL Metro Area",1993,1488,1913,3939,5071,7797,6763,5609,2653,3405,1653,817,3933,3740
"Quincy, IL-MO Micro Area",1264,958,1791,2697,4239,5461,6524,3040,1241,1268,1021,452,2821,2782
"Racine, WI Metro Area",4319,3413,5787,8526,11926,12049,10581,7232,3202,3443,1630,944,8185,6303
"Raleigh-Cary, NC Metro Area",13231,11716,16508,43525,53582,85505,74811,67433,37899,36768,14823,6027,29087,30357
"Rapid City, SD Metro Area",2237,1664,3095,5015,8106,10123,10720,4662,2274,2823,1449,825,4022,4188
"Raymondville, TX Micro Area",100,282,247,442,511,1463,922,530,130,234,75,3,246,315
"Reading, PA Metro Area",9051,8353,10968,18723,20561,25632,21222,15290,9130,7982,3728,2194,16285,15452
"Red Bluff, CA Micro Area",1471,1169,1463,1737,2245,2661,2879,1673,850,936,507,358,1582,1479
"Redding, CA Metro Area",2979,1661,3318,4576,6580,9915,9999,5259,3468,4035,1922,1403,3596,4133
"Red Wing, MN Micro Area",1212,1188,1724,2331,2412,3114,2839,1655,811,898,413,365,1945,1283
"Reno-Sparks, NV Metro Area",9098,7434,9354,16061,19281,26144,24570,19503,10409,13094,5593,2889,15474,14474
"Rexburg, ID Micro Area",747,409,510,956,1416,2604,3892,2011,1144,1329,553,438,2152,1568
"Richmond, IN Micro Area",1216,1191,1430,2313,2991,3769,4138,2049,1053,1037,788,309,2898,2638
"Richmond, VA Metro Area",17466,15012,20461,49384,59657,85269,82059,73431,38463,35673,14101,6800,35914,37448
"Richmond-Berea, KY Micro Area",1895,981,1912,3790,4224,6137,6651,3287,1693,2121,1280,745,4219,4098
"Rio Grande City-Roma, TX Micro Area",948,558,505,1418,1581,3094,3326,2471,714,1011,333,336,1178,949
"Riverside-San Bernardino-Ontario, CA Metro Area",153470,101643,96855,150890,141539,200376,137594,137095,59694,90020,46506,24275,117040,113511
"Riverton, WY Micro Area",663,513,842,1028,1606,2551,3942,1808,714,1020,371,171,1014,1019
"Roanoke, VA Metro Area",4723,3319,5387,11496,15072,21223,22557,15200,6801,8430,3313,2104,9117,10318
"Roanoke Rapids, NC Micro Area",1434,1026,1158,2188,3094,3289,3425,2745,1259,1261,372,396,2187,2137
"Rochelle, IL Micro Area",1870,1416,1845,2322,2586,3123,2909,1878,824,691,501,259,2264,1879
"Rochester, MN Metro Area",3151,2676,4750,8702,12353,17173,13935,7804,3643,3616,2080,929,6685,6486
"Rochester, NY Metro Area",12489,11969,21764,34669,53507,72179,69829,52120,31452,26387,11312,6489,37779,33035
"Rockford, IL Metro Area",7340,7843,9020,12664,16561,18292,20291,12077,6207,6154,3518,1672,13986,12356
"Rockingham, NC Micro Area",654,487,627,1474,1704,1951,2634,1676,854,606,228,132,1350,1245
"Rockland, ME Micro Area",1072,772,828,1570,1980,2796,2428,1937,887,707,399,151,1202,786
"Rock Springs, WY Micro Area",1554,1176,1631,1564,2824,2640,2857,1609,1037,1382,364,236,1201,1477
"Rocky Mount, NC Metro Area",2688,1993,2828,5101,6702,9554,9316,5252,2474,2531,1247,709,5049,5089
"Rolla, MO Micro Area",690,626,997,1106,1743,2086,3371,1817,891,1043,514,208,1419,1457
"Rome, GA Metro Area",1079,1376,1884,2842,3716,5924,5861,3318,1785,1911,923,588,2834,3800
"Roseburg, OR Micro Area",2857,1579,1783,2942,3503,4553,5250,2436,2105,2093,1263,613,2945,3169
"Roswell, NM Micro Area",1226,1050,1476,1873,2274,3910,4960,2283,1128,1315,519,411,1080,1846
"Ruidoso, NM Micro Area",205,261,158,498,662,1516,1450,868,430,585,211,127,494,412
"Russellville, AR Micro Area",2610,1325,1710,3196,3302,5080,5523,2541,1398,1291,564,271,3432,3181
"Ruston, LA Micro Area",962,844,1103,2053,2781,4738,3209,1552,681,1721,567,230,2420,2025
"Rutland, VT Micro Area",917,801,1612,2377,3380,4050,4445,2993,1422,1356,624,351,2374,1640
"Sacramento--Arden-Arcade--Roseville, CA Metro Area",39613,29154,41517,69230,87292,125302,114363,96184,48098,58297,30903,14007,60693,55467
"Safford, AZ Micro Area",1756,1255,1185,1098,1443,1934,1722,890,374,687,361,34,1006,1040
"Saginaw-Saginaw Township North, MI Metro Area",3160,2385,3793,5573,7374,9952,10802,7067,4424,4410,2414,1579,7078,5923
"St. Cloud, MN Metro Area",5132,3525,4796,7113,10083,14179,14343,6549,2904,3544,1926,1274,8709,8207
"St. George, UT Metro Area",2445,1509,2472,2604,3692,5478,6696,6499,3272,4585,1668,981,3548,3989
"St. Joseph, MO-KS Metro Area",2851,2224,3563,4865,6685,7541,8056,3696,2149,2178,1406,647,5601,4974
"St. Louis, MO-IL Metro Area",48444,48949,71148,127285,141750,187036,159939,126694,66070,65899,31167,14963,94046,93262
"St. Marys, GA Micro Area",1019,869,1171,2953,3825,3758,2321,1436,708,1030,691,204,1082,1248
"St. Marys, PA Micro Area",556,510,998,1087,2516,1691,1681,987,443,485,298,85,1728,1466
"Salem, OR Metro Area",6510,6267,8093,15877,18038,22985,21649,12322,6748,6880,4422,2001,11557,9972
"Salina, KS Micro Area",1328,1097,2097,1678,3320,3486,5523,2647,1183,1308,556,374,2408,2983
"Salinas, CA Metro Area",9133,8437,8358,17126,15593,24359,20973,18450,7068,10787,6174,2333,10859,8826
"Salisbury, MD Metro Area",2056,1067,2656,4138,5043,8325,8330,5859,2439,2500,856,701,4420,4507
"Salisbury, NC Micro Area",2523,2246,3230,5054,5846,7985,8086,5235,2087,2612,1395,722,4362,3883
"Salt Lake City, UT Metro Area",21503,16472,26331,38803,53157,68390,67801,59608,36265,35834,15236,8119,36901,34640
"San Angelo, TX Metro Area",2132,1605,2492,3262,5656,7002,10280,4599,2087,2596,1434,534,3541,4187
"San Antonio-New Braunfels, TX Metro Area",41779,32175,45444,94590,107893,156027,110861,88590,43247,52887,25807,12123,60360,60199
"San Diego-Carlsbad-San Marcos, CA Metro Area",56304,54988,75016,126570,144378,191418,151804,143247,78703,99596,40913,19454,87639,71499
"Sandusky, OH Metro Area",1191,1051,1654,2371,3471,4791,4142,3155,1896,1951,908,545,2976,3819
"Sanford, NC Micro Area",759,920,1913,3005,3197,4135,3378,1671,755,906,275,209,1855,1477
"San Francisco-Oakland-Fremont, CA Metro Area",62303,51119,63626,131293,149806,279006,249082,305923,154908,189291,79943,30635,119592,97625
"San Germán-Cabo Rojo, PR Metro Area",1515,1516,1760,3523,4322,7134,3701,2138,598,1143,494,470,2143,1361
"San Jose-Sunnyvale-Santa Clara, CA Metro Area",20992,19866,26769,53945,57863,103559,100950,117885,76340,109989,36610,12808,46548,36302
"San Juan-Caguas-Guaynabo, PR Metro Area",43802,38814,45010,97462,92692,131780,74061,61217,25073,33107,15072,10724,44301,36894
"San Luis Obispo-Paso Robles, CA Metro Area",4201,3006,4544,8243,10917,14682,16861,14384,6869,8416,4155,1741,6985,7214
"Santa Barbara-Santa Maria-Goleta, CA Metro Area",6061,5260,8243,16603,16657,23007,25502,20117,11298,15740,6366,3452,11393,11168
"Santa Cruz-Watsonville, CA Metro Area",3362,3658,4409,9280,10347,14241,14000,14546,7514,12586,5138,2417,8658,6477
"Santa Fe, NM Metro Area",1274,1044,1971,4023,5847,10415,12696,7182,4228,5119,2160,793,3408,2868
"Santa Isabel, PR Micro Area",473,356,339,914,1029,1123,732,315,125,210,160,119,357,403
"Santa Rosa-Petaluma, CA Metro Area",9067,7303,10170,15720,18396,26897,26851,27884,14301,17060,7398,3734,14026,11649
"Sault Ste. Marie, MI Micro Area",454,409,820,800,1305,1788,2790,1035,640,778,474,247,1461,1112
"Savannah, GA Metro Area",5950,6065,7332,12127,16204,25049,18990,17759,7037,8811,4445,1717,10187,9686
"Sayre, PA Micro Area",1355,1742,1723,3004,2914,3443,3466,1809,931,754,469,274,2162,1813
"Scottsbluff, NE Micro Area",790,403,1111,1213,2173,2464,3634,1471,450,852,390,194,1011,1237
"Scottsboro, AL Micro Area",1267,1909,2189,2511,2429,2775,2137,1189,534,761,372,225,1214,1588
"Scottsburg, IN Micro Area",863,445,487,1070,905,1008,831,605,179,472,306,35,1032,1247
"Scranton--Wilkes-Barre, PA Metro Area",8759,6907,13249,21037,25878,29810,33319,28485,15708,12738,5925,3272,21533,20495
"Seaford, DE Micro Area",3027,2120,3681,7311,9055,13000,11129,8592,4248,4328,2274,1057,6407,5611
"Searcy, AR Micro Area",1507,1627,2738,3139,3248,5618,4377,2466,841,1077,464,326,1866,2028
"Seattle-Tacoma-Bellevue, WA Metro Area",87016,72088,91401,145896,158575,211697,176417,167922,104232,131649,54297,25492,110534,88924
"Sebastian-Vero Beach, FL Metro Area",1281,1239,1502,3488,4514,8301,7704,7645,3649,3357,1663,709,2727,2441
"Sebring, FL Micro Area",1074,1074,1171,3109,3317,5454,3866,2933,1377,1745,485,414,1979,1974
"Sedalia, MO Micro Area",1053,623,969,1596,1961,2630,2377,1224,542,597,521,130,1777,1710
"Selinsgrove, PA Micro Area",1111,935,1423,1703,2225,2203,1924,1473,677,630,277,205,1194,1246
"Selma, AL Micro Area",863,813,1047,1515,1518,1725,1715,1081,547,454,242,102,1017,878
"Seneca, SC Micro Area",859,923,1197,2564,3595,3612,3984,2297,1295,1361,580,502,1807,2352
"Seneca Falls, NY Micro Area",813,597,769,1943,1440,2393,1659,1301,778,705,194,118,945,807
"Sevierville, TN Micro Area",1383,851,1374,2437,4152,6638,5434,4061,2783,3040,1555,757,3330,3455
"Seymour, IN Micro Area",1277,920,1540,2079,2160,2078,2332,1222,598,555,315,160,1655,1997
"Shawnee, OK Micro Area",1469,977,1481,3072,2678,4160,4490,2057,1160,1066,629,384,2039,2258
"Sheboygan, WI Metro Area",2930,2501,4248,4892,6104,6348,7768,3399,1826,1906,1468,743,6159,5920
"Shelby, NC Micro Area",1077,1133,2245,3438,4263,5484,7066,3282,1517,1678,953,257,3025,2688
"Shelbyville, TN Micro Area",1162,952,1861,2328,2071,2679,1907,1266,197,290,233,230,1443,1344
"Shelton, WA Micro Area",1989,1473,1620,1792,2388,2950,1747,1801,579,1045,572,222,1600,1209
"Sheridan, WY Micro Area",510,557,1021,1152,1653,2598,2510,980,602,550,378,87,789,769
"Sherman-Denison, TX Metro Area",2379,2061,3021,4432,4423,6965,7863,4214,1913,2331,1549,664,3977,4112
"Show Low, AZ Micro Area",1626,1629,1779,2460,3729,4026,5372,2380,1442,1478,896,490,1764,1862
"Shreveport-Bossier City, LA Metro Area",8243,5731,8187,15553,20012,27738,25927,14946,7263,8822,5095,1924,12623,12868
"Sidney, OH Micro Area",1039,1185,1742,2558,2592,2305,2768,1146,739,867,386,142,1762,2508
"Sierra Vista-Douglas, AZ Micro Area",2491,2511,2923,5008,5670,6856,6364,4280,1884,1927,1280,698,2893,3252
"Sikeston, MO Micro Area",929,710,1023,1694,2176,2663,2436,1028,355,570,323,64,1379,1532
"Silver City, NM Micro Area",459,551,362,858,1405,1129,2055,743,519,515,119,167,566,1046
"Silverthorne, CO Micro Area",282,111,519,814,987,2458,2636,2600,1300,1263,755,179,1248,617
"Sioux City, IA-NE-SD Metro Area",3026,2732,3498,5334,6394,9636,10609,5560,2729,2578,1286,907,7940,6140
"Sioux Falls, SD Metro Area",3916,2909,5285,7851,13168,20142,22074,14147,4863,4956,2959,1448,7815,8969
"Snyder, TX Micro Area",428,292,477,828,985,998,894,740,280,288,165,126,167,362
"Somerset, KY Micro Area",760,835,1221,1612,1824,3804,4627,2367,838,1128,633,230,1940,2490
"Somerset, PA Micro Area",2177,1645,2211,2734,3710,3863,4068,2695,1290,1188,624,338,2630,1907
"South Bend-Mishawaka, IN-MI Metro Area",7100,5249,6936,9572,13039,19009,21026,12290,6436,8678,3754,2006,10909,10270
"Southern Pines-Pinehurst, NC Micro Area",700,1031,1139,3551,3325,6836,4677,3832,1556,1917,826,525,1798,1851
"Spartanburg, SC Metro Area",4164,3221,4892,9603,12673,19193,17280,11123,5489,5324,2792,1206,8403,11186
"Spearfish, SD Micro Area",431,412,653,1015,1091,1518,1820,1243,570,633,328,85,1066,769
"Spencer, IA Micro Area",352,219,499,528,1040,1310,1495,616,384,334,258,64,550,429
"Spirit Lake, IA Micro Area",199,188,449,462,962,1232,1729,981,445,327,156,115,474,562
"Spokane, WA Metro Area",8920,6871,9853,16993,21196,27884,28251,17826,9226,11851,6010,3556,16323,13301
"Springfield, IL Metro Area",2634,2009,3289,7051,11982,16790,19616,12792,5106,4106,2307,920,6393,5358
"Springfield, MA Metro Area",10608,8824,13080,23659,31714,40999,38997,35827,19626,20309,8115,4374,26443,21519
"Springfield, MO Metro Area",7105,5448,8296,14386,19645,30971,29855,20438,8083,10061,4806,3158,14071,16494
"Springfield, OH Metro Area",2340,2623,3180,4630,6265,6554,8444,4715,2453,2340,1397,658,5546,5691
"Starkville, MS Micro Area",729,476,369,1361,1764,2226,3351,2214,828,970,542,101,1878,1991
"State College, PA Metro Area",1992,1318,2293,3988,6046,8607,10702,8448,5055,5895,3009,1156,5285,4929
"Statesboro, GA Micro Area",1182,806,1334,1966,2799,3710,4030,2397,1305,2025,598,379,2213,2942
"Statesville-Mooresville, NC Micro Area",2563,2093,3849,7287,8112,9926,8815,7428,3064,3343,1172,766,3916,4748
"Staunton-Waynesboro, VA Micro Area",2348,2471,3160,4107,4873,7613,8467,5324,2513,2257,1231,538,3975,3634
"Stephenville, TX Micro Area",966,451,542,1284,1413,3528,2977,1676,502,1125,312,60,1326,1467
"Sterling, CO Micro Area",733,399,688,631,1119,1172,1812,541,487,621,203,284,852,867
"Sterling, IL Micro Area",2144,1342,1593,2444,2777,2866,4273,1773,817,778,362,270,2315,1644
"Steubenville-Weirton, OH-WV Metro Area",2660,2418,3474,4758,4676,5621,5176,4776,2613,2594,900,759,4578,4752
"Stevens Point, WI Micro Area",1192,1093,1642,2544,4108,4334,4788,2738,1485,2039,1219,470,3446,3078
"Stillwater, OK Micro Area",869,906,1205,2201,3450,4226,6345,3629,2274,2259,1253,651,3195,3378
"Stockton, CA Metro Area",23760,15685,14833,22683,22475,29806,27961,20237,9947,13150,7057,3902,20381,17403
"Storm Lake, IA Micro Area",347,463,767,656,955,1058,1430,747,325,409,244,105,1350,813
"Sturgis, MI Micro Area",1432,1078,1543,3457,2345,3520,2042,2055,714,882,390,237,1766,1682
"Sulphur Springs, TX Micro Area",882,528,754,1168,1350,2180,2830,1032,528,470,285,51,735,932
"Summerville, GA Micro Area",247,221,305,723,648,3092,927,1113,80,280,76,62,375,1041
"Sumter, SC Metro Area",1406,1306,1823,3347,5167,8103,6273,4159,1917,1596,690,233,3012,3149
"Sunbury, PA Micro Area",2100,2030,2310,4061,4311,5395,4383,3293,1451,1545,755,507,3431,3793
"Susanville, CA Micro Area",321,945,908,794,769,1012,1453,832,403,446,158,182,1088,389
"Sweetwater, TX Micro Area",371,162,266,533,660,924,1300,462,362,215,124,58,583,459
"Syracuse, NY Metro Area",9529,6850,12255,22011,30596,43872,44361,32995,16914,16711,7268,4371,21141,21984
"Tahlequah, OK Micro Area",777,589,456,1311,1710,2794,3145,1905,676,1207,397,136,1199,1225
"Talladega-Sylacauga, AL Micro Area",2500,2212,2576,3025,3211,4045,3296,1698,705,712,629,360,2594,2365
"Tallahassee, FL Metro Area",3925,2666,4155,8783,16742,27051,28713,21316,10798,11066,4862,2281,10257,11445
"Tallulah, LA Micro Area",111,69,136,350,245,1035,430,808,103,112,60,50,129,279
"Tampa-St. Petersburg-Clearwater, FL Metro Area",37335,30822,45519,96503,114237,177445,140363,155960,73057,83446,33293,17298,72822,73303
"Taos, NM Micro Area",240,236,754,669,736,1858,2242,1701,834,961,393,352,832,492
"Taylorville, IL Micro Area",947,698,730,1616,1930,2230,2230,1209,353,445,189,86,897,1182
"Terre Haute, IN Metro Area",4127,3165,3967,4842,7456,8806,11881,5043,2858,2879,1566,777,6750,7639
"Texarkana, TX-Texarkana, AR Metro Area",2254,2109,3749,5293,5976,7583,8522,4347,2131,2463,1448,645,3576,3938
"The Dalles, OR Micro Area",168,458,651,560,1267,1497,1549,835,297,536,210,144,553,440
"The Villages, FL Micro Area",965,617,851,1658,2151,3203,3098,1787,815,955,711,353,904,1008
"Thomaston, GA Micro Area",240,307,337,1180,1106,1420,1349,807,242,447,320,61,777,972
"Thomasville, GA Micro Area",737,289,674,1353,2019,3096,2388,1227,569,573,280,252,817,800
"Thomasville-Lexington, NC Micro Area",2413,2510,3782,5913,8327,12410,10694,5858,2796,2962,1743,413,4729,5143
"Tiffin, OH Micro Area",908,951,1237,2101,2596,2913,3421,1707,996,1092,635,411,2423,3113
"Tifton, GA Micro Area",591,398,557,1072,1344,2164,3963,1983,772,648,275,63,983,1300
"Toccoa, GA Micro Area",291,212,636,665,1271,1792,1248,821,331,340,196,195,752,856
"Toledo, OH Metro Area",9288,7573,12438,20727,27542,37867,40240,28715,15446,16185,6926,4296,25747,29146
"Topeka, KS Metro Area",3589,3093,5068,8947,12527,17411,20647,9368,3939,4137,2472,1128,7834,7794
"Torrington, CT Micro Area",2334,2990,4477,8323,11383,13549,12871,11513,6479,5490,2164,1006,5948,4068
"Traverse City, MI Micro Area",1745,1601,2529,4098,5654,9266,10543,7106,3508,3843,1926,729,5286,4394
"Trenton-Ewing, NJ Metro Area",3180,4072,5375,12592,14816,23304,23264,23627,14342,11489,4968,2292,10644,9384
"Troy, AL Micro Area",1324,820,683,999,1421,2215,1792,804,429,348,206,135,1195,1234
"Truckee-Grass Valley, CA Micro Area",1313,798,1468,2936,3571,5336,5379,4502,2824,3387,1487,464,1878,1956
"Tucson, AZ Metro Area",19372,17617,22868,36217,40875,57393,48395,37436,19590,24717,11379,5566,29217,26060
"Tullahoma, TN Micro Area",1999,1958,2200,4088,5098,5589,5484,2063,1140,1243,786,491,3042,3497
"Tulsa, OK Metro Area",18469,13773,20428,32297,43771,66999,65063,42659,21902,22487,10437,4527,27768,27477
"Tupelo, MS Micro Area",2742,1915,3787,7215,8418,9987,8471,4070,1583,1842,678,430,3008,3347
"Tuscaloosa, AL Metro Area",3040,4108,5236,9624,9777,15022,12573,7083,3207,4284,1636,763,6614,7377
"Tuskegee, AL Micro Area",527,143,383,562,881,1355,963,576,114,275,132,135,893,576
"Twin Falls, ID Micro Area",1702,1240,1945,3213,4016,6320,7186,4007,2066,2104,1018,504,2372,3381
"Tyler, TX Metro Area",4611,2884,3231,6818,9040,14474,14443,7868,4109,4818,2146,1210,5180,6500
"Ukiah, CA Micro Area",1753,828,1097,2316,2878,3556,5984,4083,2604,3033,1254,585,2205,1394
"Union, SC Micro Area",497,530,664,1103,936,1989,1489,601,325,267,254,94,731,846
"Union City, TN-KY Micro Area",558,520,608,1252,2759,2494,2050,911,580,497,280,186,1114,1074
"Urbana, OH Micro Area",766,928,1439,1839,2091,2384,1868,1260,488,699,291,269,1318,1157
"Utica-Rome, NY Metro Area",5440,3063,5462,10234,13537,16879,19239,14065,7156,6016,2514,1268,10893,9746
"Utuado, PR Micro Area",536,342,197,839,800,1479,1014,355,109,173,96,57,331,424
"Uvalde, TX Micro Area",322,368,355,579,920,1354,2323,926,292,530,158,108,444,702
"Valdosta, GA Metro Area",1878,1358,2458,4997,5881,8523,8479,5441,2417,3072,1651,761,5315,5248
"Vallejo-Fairfield, CA Metro Area",10712,9500,11440,17788,18474,24572,19253,14361,7492,9503,5500,2682,13653,12314
"Valley, AL Micro Area",605,662,499,1358,820,1945,1801,1199,580,379,163,59,1183,1176
"Van Wert, OH Micro Area",683,487,849,1046,1600,1554,1930,717,343,501,231,108,1176,1400
"Vermillion, SD Micro Area",96,155,209,246,361,695,1302,700,359,537,271,179,842,897
"Vernal, UT Micro Area",1106,779,865,909,1523,1623,2315,1021,634,591,400,153,607,1003
"Vernon, TX Micro Area",274,171,278,462,747,812,1309,265,69,139,63,41,364,383
"Vicksburg, MS Micro Area",493,938,1101,1993,3116,3171,2731,2027,681,859,173,101,1209,1177
"Victoria, TX Metro Area",2640,2110,2622,5325,5658,7613,8171,4140,1631,2443,1314,635,2294,3478
"Vidalia, GA Micro Area",1024,699,551,1415,1383,2571,2289,1175,359,433,290,163,588,732
"Vincennes, IN Micro Area",772,421,1153,1282,1935,2383,2752,1165,535,704,254,114,1416,1673
"Vineland-Millville-Bridgeton, NJ Metro Area",2459,2573,4240,5884,6177,8711,7594,5565,3580,2377,1216,569,4717,4631
"Virginia Beach-Norfolk-Newport News, VA-NC Metro Area",31441,34339,48528,85497,92073,109291,92664,81119,43521,44906,19649,9261,51784,49053
"Visalia-Porterville, CA Metro Area",12901,10713,12283,16250,13566,18976,20344,12858,5921,6360,3952,2100,11041,10843
"Wabash, IN Micro Area",775,498,936,1156,1777,1472,2172,1036,505,444,279,149,1371,1052
"Waco, TX Metro Area",3672,3020,4823,7607,10416,16188,17765,8023,3968,5308,2414,1273,8221,7673
"Wahpeton, ND-MN Micro Area",333,221,602,1068,1340,1795,2062,830,386,359,298,115,746,772
"Walla Walla, WA Micro Area",1072,917,1136,1383,2557,3208,4500,1907,1182,1096,759,563,2110,1652
"Walterboro, SC Micro Area",1036,1141,819,1249,1273,2214,2128,957,592,476,286,40,903,650
"Wapakoneta, OH Micro Area",1401,1087,1366,1939,2450,2790,2529,1360,810,707,367,143,2188,2021
"Warner Robins, GA Metro Area",1902,2594,3126,5784,7705,10644,9101,5407,3345,2556,1735,544,3809,4713
"Warren, PA Micro Area",862,665,1289,1719,2112,2388,2747,1249,605,832,343,134,1399,1603
"Warrensburg, MO Micro Area",1124,774,1493,2738,2912,3931,2597,1815,637,781,444,477,2442,2433
"Warsaw, IN Micro Area",3069,1996,2905,2068,4463,3723,4798,2046,1528,1394,663,431,3057,2456
"Washington, IN Micro Area",686,996,1367,1545,1648,1604,1783,936,407,449,115,27,875,868
"Washington, NC Micro Area",629,608,1161,1272,2188,2865,3103,2146,1008,854,354,110,959,1155
"Washington-Arlington-Alexandria, DC-VA-MD-WV Metro Area",104161,117906,141189,262361,266381,396216,324505,374867,221511,229226,80737,34129,139587,132300
"Washington Court House, OH Micro Area",1148,531,650,1076,1416,1164,1364,951,591,560,241,196,1146,1121
"Waterloo-Cedar Falls, IA Metro Area",2897,2701,4753,6113,9338,9601,11604,7171,3597,3252,2044,938,9209,7013
"Watertown, SD Micro Area",931,641,781,1080,1714,2070,3480,1587,518,861,236,196,983,1166
"Watertown-Fort Atkinson, WI Micro Area",2513,2534,3514,4496,5000,5117,4699,2905,1137,1481,982,413,3752,2776
"Watertown-Fort Drum, NY Micro Area",1920,2180,4588,7349,7352,6386,6385,3439,2240,1922,761,571,2959,2909
"Wauchula, FL Micro Area",250,820,262,2150,1282,1926,745,711,135,317,242,53,343,431
"Wausau, WI Metro Area",3216,2692,4625,6352,7583,10032,9187,4585,2083,2306,1372,530,6271,4537
"Waycross, GA Micro Area",923,522,1129,2089,2474,3054,2709,1914,691,513,290,267,1235,1462
"Weatherford, OK Micro Area",350,515,463,801,770,1609,2531,1289,837,709,435,152,1071,1430
"Wenatchee-East Wenatchee, WA Metro Area",2075,2212,2922,3888,5601,7395,7389,3796,1926,1795,1327,981,2828,2880
"West Plains, MO Micro Area",564,430,662,1272,1691,2781,3197,1016,516,480,128,83,1261,1042
"West Point, MS Micro Area",424,505,529,914,720,732,1028,390,178,234,137,64,656,640
"Wheeling, WV-OH Metro Area",2511,2372,3383,5280,5969,7528,8078,6953,3125,2816,1361,811,5646,5695
"Whitewater, WI Micro Area",2360,2067,3334,4688,5757,7154,5020,4160,1592,2194,1289,694,4434,3588
"Wichita, KS Metro Area",11413,8693,14093,23289,33368,42894,45429,24275,12957,13280,6889,3317,22356,21689
"Wichita Falls, TX Metro Area",2993,1768,3065,5009,8427,10142,12171,5485,2350,2902,2034,729,4209,5685
"Williamsport, PA Metro Area",2713,2068,2954,4656,6123,6286,7212,4468,2595,2316,1224,628,4464,4366
"Willimantic, CT Micro Area",2363,1828,3237,5250,6819,7368,7003,5400,2283,2108,1673,631,4927,4003
"Williston, ND Micro Area",743,366,774,809,1008,1438,2776,1510,462,667,327,149,310,764
"Willmar, MN Micro Area",789,576,947,1493,2273,3138,3986,1552,748,1006,312,180,1929,1617
"Wilmington, NC Metro Area",4189,3854,5854,11463,15433,24350,23157,17090,9015,11479,4875,2388,10204,11908
"Wilmington, OH Micro Area",909,715,1331,1464,1871,2414,2104,1096,889,943,484,198,1632,1668
"Wilson, NC Micro Area",1278,997,1468,2857,3676,5014,4999,3649,1275,1605,727,349,2564,2434
"Winchester, VA-WV Metro Area",4743,2350,4438,5013,6108,8089,7025,5313,3101,2965,901,493,3505,4356
"Winfield, KS Micro Area",562,585,1038,985,1714,2373,2568,902,394,524,290,122,1671,1499
"Winona, MN Micro Area",1168,986,1599,2021,2993,3591,3629,2263,983,1080,611,335,2593,2281
"Winston-Salem, NC Metro Area",5848,5321,7458,17292,20436,33348,30846,21835,10384,11046,5684,2552,14323,16311
"Woodward, OK Micro Area",549,463,420,731,911,1342,1677,1003,260,325,230,51,434,666
"Wooster, OH Micro Area",2810,1953,3339,4836,6453,5907,6114,4743,2611,2463,1116,663,3910,3990
"Worcester, MA Metro Area",11642,12215,17435,34875,39651,56687,46719,46766,21503,20125,8983,4197,27858,23347
"Worthington, MN Micro Area",340,475,883,876,895,1176,1579,806,251,430,171,52,1222,859
"Yakima, WA Metro Area",5665,4293,5827,9761,10583,13673,12251,7376,3514,4106,2110,1334,6454,5415
"Yankton, SD Micro Area",455,316,624,734,900,1286,1988,1058,616,579,307,84,1004,778
"Yauco, PR Metro Area",1325,733,1654,3068,2928,4765,3197,1403,738,500,357,191,1259,1009
"Yazoo City, MS Micro Area",298,398,450,821,1441,1507,894,836,211,205,101,1,634,708
"York-Hanover, PA Metro Area",11868,8826,13729,21510,25772,27168,22776,16549,9040,8747,3933,2152,14968,17462
"Youngstown-Warren-Boardman, OH-PA Metro Area",8880,7561,12000,18856,22653,27635,30948,21040,12828,13052,6127,3007,21023,21392
"Yuba City, CA Metro Area",4553,3769,4430,6194,6455,7168,7371,4039,1635,2978,1687,1073,4153,4323
"Yuma, AZ Metro Area",6073,3935,4968,6627,7373,7932,8765,4432,2052,2553,1617,860,5163,4861
"Zanesville, OH Micro Area",2108,1634,2436,3214,3918,3753,4206,3099,1734,1538,1069,372,2735,3168
